time,process,threads
2020-3-23,283,3616
2020-3-23,283,3617
2020-3-23,283,3612
2020-3-23,283,3612
2020-3-23,283,3611
2020-3-23,283,3616
2020-3-23,283,3617
2020-3-23,283,3627
2020-3-23,283,3617
2020-3-23,283,3614
2020-3-23,283,3613
2020-3-23,283,3612
2020-3-23,283,3614
2020-3-23,283,3611
2020-3-23,283,3617
2020-3-23,283,3616
2020-3-23,283,3615
2020-3-23,283,3615
2020-3-23,283,3611
2020-3-23,283,3613
2020-3-23,283,3612
2020-3-23,283,3607
2020-3-23,283,3606
2020-3-23,283,3624
2020-3-23,283,3621
2020-3-23,283,3616
2020-3-23,283,3616
2020-3-23,283,3616
2020-3-23,283,3615
2020-3-23,283,3615
2020-3-23,283,3613
2020-3-23,283,3609
2020-3-23,283,3621
2020-3-23,283,3625
2020-3-23,283,3622
2020-3-23,283,3617
2020-3-23,283,3619
2020-3-23,283,3623
2020-3-23,283,3620
2020-3-23,283,3616
2020-3-23,283,3615
2020-3-23,283,3610
2020-3-23,283,3610
2020-3-23,283,3611
2020-3-23,283,3615
2020-3-23,283,3623
2020-3-23,283,3620
2020-3-23,283,3624
2020-3-23,283,3625
2020-3-23,283,3621
2020-3-23,283,3620
2020-3-23,283,3616
2020-3-23,283,3619
2020-3-23,283,3619
2020-3-23,283,3619
2020-3-23,283,3616
2020-3-23,283,3613
2020-3-23,283,3615
2020-3-23,283,3613
2020-3-23,283,3611
2020-3-23,283,3612
2020-3-23,283,3603
2020-3-23,283,3604
2020-3-23,283,3599
2020-3-23,283,3598
2020-3-23,283,3597
2020-3-23,283,3599
2020-3-23,283,3604
2020-3-23,283,3603
2020-3-23,283,3605
2020-3-23,283,3601
2020-3-23,283,3604
2020-3-23,283,3607
2020-3-23,283,3607
2020-3-23,283,3604
2020-3-23,283,3600
2020-3-23,283,3601
2020-3-23,283,3599
2020-3-23,283,3598
2020-3-23,282,3591
2020-3-23,281,3585
2020-3-23,282,3591
2020-3-23,282,3589
2020-3-23,282,3589
2020-3-23,282,3588
2020-3-23,282,3589
2020-3-23,282,3590
2020-3-23,282,3593
2020-3-23,282,3593
2020-3-23,282,3582
2020-3-23,282,3582
2020-3-23,282,3579
2020-3-23,282,3579
2020-3-23,282,3571
2020-3-23,282,3568
2020-3-23,282,3568
2020-3-23,282,3561
2020-3-23,282,3557
2020-3-23,282,3555
2020-3-23,282,3562
2020-3-23,282,3560
2020-3-23,282,3560
2020-3-23,282,3560
2020-3-23,282,3549
2020-3-23,281,3549
2020-3-23,281,3548
2020-3-23,281,3551
2020-3-23,281,3549
2020-3-23,281,3549
2020-3-23,281,3549
2020-3-23,281,3551
2020-3-23,281,3555
2020-3-23,281,3554
2020-3-23,281,3551
2020-3-23,281,3550
2020-3-23,281,3551
2020-3-23,281,3552
2020-3-23,281,3550
2020-3-23,281,3551
2020-3-23,281,3549
2020-3-23,281,3547
2020-3-23,281,3546
2020-3-23,281,3546
2020-3-23,281,3543
2020-3-23,281,3542
2020-3-23,283,3568
2020-3-23,281,3573
2020-3-23,281,3570
2020-3-23,281,3571
2020-3-23,281,3571
2020-3-23,281,3571
2020-3-23,281,3570
2020-3-23,281,3570
2020-3-23,281,3569
2020-3-23,281,3568
2020-3-23,281,3570
2020-3-23,281,3568
2020-3-23,281,3567
2020-3-23,281,3564
2020-3-23,281,3562
2020-3-23,281,3563
2020-3-23,281,3562
2020-3-23,281,3561
2020-3-23,281,3561
2020-3-23,281,3567
2020-3-23,281,3566
2020-3-23,281,3559
2020-3-23,280,3558
2020-3-23,281,3564
2020-3-23,281,3566
2020-3-23,282,3566
2020-3-23,281,3567
2020-3-23,281,3574
2020-3-23,281,3579
2020-3-23,281,3576
2020-3-23,281,3579
2020-3-23,281,3579
2020-3-23,281,3576
2020-3-23,281,3569
2020-3-23,281,3567
2020-3-23,281,3565
2020-3-23,281,3582
2020-3-23,281,3587
2020-3-23,281,3585
2020-3-23,281,3589
2020-3-23,281,3578
2020-3-23,281,3583
2020-3-23,281,3590
2020-3-23,281,3584
2020-3-23,281,3584
2020-3-23,281,3584
2020-3-23,281,3586
2020-3-23,283,3585
2020-3-23,281,3579
2020-3-23,281,3583
2020-3-23,281,3589
2020-3-23,281,3590
2020-3-23,281,3591
2020-3-23,281,3589
2020-3-23,281,3595
2020-3-23,281,3594
2020-3-23,281,3595
2020-3-23,281,3592
2020-3-23,281,3596
2020-3-23,281,3590
2020-3-23,281,3588
2020-3-23,281,3589
2020-3-23,281,3586
2020-3-23,281,3587
2020-3-23,282,3622
2020-3-23,286,3657
2020-3-23,286,3657
2020-3-23,286,3656
2020-3-23,286,3656
2020-3-23,286,3656
2020-3-23,286,3653
2020-3-23,286,3658
2020-3-23,290,3664
2020-3-23,286,3667
2020-3-23,286,3677
2020-3-23,286,3707
2020-3-23,287,3716
2020-3-23,287,3712
2020-3-23,287,3700
2020-3-23,286,3695
2020-3-23,286,3698
2020-3-23,286,3696
2020-3-23,286,3695
2020-3-23,286,3694
2020-3-23,286,3694
2020-3-23,286,3689
2020-3-23,278,3473
2020-3-23,278,3477
2020-3-23,276,3472
2020-3-23,276,3471
2020-3-23,276,3472
2020-3-23,276,3470
2020-3-23,276,3466
2020-3-23,276,3466
2020-3-23,276,3469
2020-3-23,276,3469
2020-3-23,276,3470
2020-3-23,276,3470
2020-3-23,276,3470
2020-3-23,276,3468
2020-3-23,276,3470
2020-3-23,276,3467
2020-3-23,276,3470
2020-3-23,276,3471
2020-3-23,276,3470
2020-3-23,276,3470
2020-3-23,276,3472
2020-3-23,273,3459
2020-3-23,274,3468
2020-3-23,276,3502
2020-3-23,275,3509
2020-3-23,274,3513
2020-3-23,274,3514
2020-3-23,274,3511
2020-3-23,274,3509
2020-3-23,274,3502
2020-3-23,274,3503
2020-3-23,274,3501
2020-3-23,274,3501
2020-3-23,274,3498
2020-3-23,274,3498
2020-3-23,274,3499
2020-3-23,274,3498
2020-3-23,274,3498
2020-3-23,274,3497
2020-3-23,274,3495
2020-3-23,274,3501
2020-3-23,274,3502
2020-3-23,274,3500
2020-3-23,274,3500
2020-3-23,274,3494
2020-3-23,274,3493
2020-3-23,274,3488
2020-3-23,274,3492
2020-3-23,274,3486
2020-3-23,274,3486
2020-3-23,274,3484
2020-3-23,274,3487
2020-3-23,276,3491
2020-3-23,274,3497
2020-3-23,274,3500
2020-3-23,274,3492
2020-3-23,275,3521
2020-3-23,275,3520
2020-3-23,275,3512
2020-3-23,275,3512
2020-3-23,275,3511
2020-3-23,275,3512
2020-3-23,275,3513
2020-3-23,275,3512
2020-3-23,275,3512
2020-3-23,275,3513
2020-3-23,275,3512
2020-3-23,275,3511
2020-3-23,275,3517
2020-3-23,275,3516
2020-3-23,275,3516
2020-3-23,275,3519
2020-3-23,275,3519
2020-3-23,275,3517
2020-3-23,275,3515
2020-3-23,275,3517
2020-3-23,275,3522
2020-3-23,275,3523
2020-3-23,276,3538
2020-3-23,276,3541
2020-3-23,276,3545
2020-3-23,276,3547
2020-3-23,276,3545
2020-3-23,276,3545
2020-3-23,276,3548
2020-3-23,276,3547
2020-3-23,276,3546
2020-3-23,276,3546
2020-3-23,276,3552
2020-3-23,276,3548
2020-3-23,276,3548
2020-3-23,276,3547
2020-3-23,276,3547
2020-3-23,276,3553
2020-3-23,276,3548
2020-3-23,276,3548
2020-3-23,276,3550
2020-3-23,276,3543
2020-3-23,276,3547
2020-3-23,276,3548
2020-3-23,277,3560
2020-3-23,278,3559
2020-3-23,277,3575
2020-3-23,278,3584
2020-3-23,278,3587
2020-3-23,279,3563
2020-3-23,279,3567
2020-3-23,279,3583
2020-3-23,278,3586
2020-3-23,279,3596
2020-3-23,279,3599
2020-3-23,279,3590
2020-3-23,279,3593
2020-3-23,278,3587
2020-3-23,278,3582
2020-3-23,278,3584
2020-3-23,278,3577
2020-3-23,278,3575
2020-3-23,278,3577
2020-3-23,278,3577
2020-3-23,278,3579
2020-3-23,279,3597
2020-3-23,280,3615
2020-3-23,280,3633
2020-3-23,280,3623
2020-3-23,277,3565
2020-3-23,277,3566
2020-3-23,277,3564
2020-3-23,277,3564
2020-3-23,277,3558
2020-3-23,277,3559
2020-3-23,277,3546
2020-3-23,276,3534
2020-3-23,276,3535
2020-3-23,275,3507
2020-3-23,275,3506
2020-3-23,275,3505
2020-3-23,275,3505
2020-3-23,275,3508
2020-3-23,275,3508
2020-3-23,275,3510
2020-3-23,275,3509
2020-3-23,275,3507
2020-3-23,275,3507
2020-3-23,275,3503
2020-3-23,275,3502
2020-3-23,275,3502
2020-3-23,276,3516
2020-3-23,276,3519
2020-3-23,276,3517
2020-3-23,276,3513
2020-3-23,276,3518
2020-3-23,276,3521
2020-3-23,276,3524
2020-3-23,276,3522
2020-3-23,276,3519
2020-3-23,276,3518
2020-3-23,276,3520
2020-3-23,276,3519
2020-3-23,276,3519
2020-3-23,276,3511
2020-3-23,276,3499
2020-3-23,275,3499
2020-3-23,275,3495
2020-3-23,275,3494
2020-3-23,275,3493
2020-3-23,275,3490
2020-3-23,275,3492
2020-3-23,275,3490
2020-3-23,276,3507
2020-3-23,276,3525
2020-3-23,276,3523
2020-3-23,276,3517
2020-3-23,276,3514
2020-3-23,276,3505
2020-3-23,276,3503
2020-3-23,276,3499
2020-3-23,276,3480
2020-3-23,275,3477
2020-3-23,275,3478
2020-3-23,275,3475
2020-3-23,275,3476
2020-3-23,275,3465
2020-3-23,273,3465
2020-3-23,274,3472
2020-3-23,274,3467
2020-3-23,274,3467
2020-3-23,274,3475
2020-3-23,274,3472
2020-3-23,274,3461
2020-3-23,274,3483
2020-3-23,274,3488
2020-3-23,274,3487
2020-3-23,274,3484
2020-3-23,274,3483
2020-3-23,274,3482
2020-3-23,274,3480
2020-3-23,274,3481
2020-3-23,274,3482
2020-3-23,275,3484
2020-3-23,274,3484
2020-3-23,274,3485
2020-3-23,274,3485
2020-3-23,274,3481
2020-3-23,274,3476
2020-3-23,273,3475
2020-3-23,273,3472
2020-3-23,273,3468
2020-3-23,273,3468
2020-3-23,273,3467
2020-3-23,273,3468
2020-3-23,273,3468
2020-3-23,273,3465
2020-3-23,273,3463
2020-3-23,273,3464
2020-3-23,273,3463
2020-3-23,273,3462
2020-3-23,273,3451
2020-3-23,273,3468
2020-3-23,273,3467
2020-3-23,273,3469
2020-3-23,273,3458
2020-3-23,273,3458
2020-3-23,274,3451
2020-3-23,273,3447
2020-3-23,273,3441
2020-3-23,273,3438
2020-3-23,273,3438
2020-3-23,273,3438
2020-3-23,273,3436
2020-3-23,273,3434
2020-3-23,273,3437
2020-3-23,273,3437
2020-3-23,273,3435
2020-3-23,273,3427
2020-3-23,273,3431
2020-3-23,272,3417
2020-3-23,273,3451
2020-3-23,273,3458
2020-3-23,273,3457
2020-3-23,273,3459
2020-3-23,273,3478
2020-3-23,273,3481
2020-3-23,273,3493
2020-3-23,273,3486
2020-3-23,272,3487
2020-3-23,272,3486
2020-3-23,272,3486
2020-3-23,272,3485
2020-3-23,272,3484
2020-3-23,272,3483
2020-3-23,272,3466
2020-3-23,270,3467
2020-3-23,270,3473
2020-3-23,270,3453
2020-3-23,269,3453
2020-3-23,269,3455
2020-3-23,269,3453
2020-3-23,269,3444
2020-3-23,269,3440
2020-3-23,269,3439
2020-3-23,269,3438
2020-3-23,269,3436
2020-3-23,269,3434
2020-3-23,269,3432
2020-3-23,269,3424
2020-3-23,268,3427
2020-3-23,269,3432
2020-3-23,269,3429
2020-3-23,269,3429
2020-3-23,269,3429
2020-3-23,269,3429
2020-3-23,269,3428
2020-3-23,269,3427
2020-3-23,269,3427
2020-3-23,269,3424
2020-3-23,269,3426
2020-3-23,269,3427
2020-3-23,269,3428
2020-3-23,269,3428
2020-3-23,269,3427
2020-3-23,269,3421
2020-3-23,269,3422
2020-3-23,269,3421
2020-3-23,269,3418
2020-3-23,269,3415
2020-3-23,269,3413
2020-3-23,269,3411
2020-3-23,269,3411
2020-3-23,269,3408
2020-3-23,269,3408
2020-3-23,269,3411
2020-3-23,269,3404
2020-3-23,269,3401
2020-3-23,269,3403
2020-3-23,269,3402
2020-3-23,269,3402
2020-3-23,269,3403
2020-3-23,269,3403
2020-3-23,269,3391
2020-3-23,269,3393
2020-3-23,269,3393
2020-3-23,269,3388
2020-3-23,269,3387
2020-3-23,269,3381
2020-3-23,269,3377
2020-3-23,269,3380
2020-3-23,269,3381
2020-3-23,269,3381
2020-3-23,269,3382
2020-3-23,269,3380
2020-3-23,269,3380
2020-3-23,269,3377
2020-3-23,269,3376
2020-3-23,269,3378
2020-3-23,269,3374
2020-3-23,269,3374
2020-3-23,269,3372
2020-3-23,269,3370
2020-3-23,269,3367
2020-3-23,269,3364
2020-3-23,269,3368
2020-3-23,269,3377
2020-3-23,269,3384
2020-3-23,269,3376
2020-3-23,269,3357
2020-3-23,267,3354
2020-3-23,267,3359
2020-3-23,267,3360
2020-3-23,267,3353
2020-3-23,267,3352
2020-3-23,267,3357
2020-3-23,267,3357
2020-3-23,267,3353
2020-3-23,267,3353
2020-3-23,267,3353
2020-3-23,267,3351
2020-3-23,267,3353
2020-3-23,267,3353
2020-3-23,267,3353
2020-3-23,267,3353
2020-3-23,267,3351
2020-3-23,267,3358
2020-3-23,267,3359
2020-3-23,267,3357
2020-3-23,267,3357
2020-3-23,267,3357
2020-3-23,267,3354
2020-3-23,267,3356
2020-3-23,267,3353
2020-3-23,267,3346
2020-3-23,267,3348
2020-3-23,267,3349
2020-3-23,267,3348
2020-3-23,267,3348
2020-3-23,267,3349
2020-3-23,267,3348
2020-3-23,267,3347
2020-3-23,267,3348
2020-3-23,267,3340
2020-3-23,266,3341
2020-3-23,267,3348
2020-3-23,267,3347
2020-3-23,267,3347
2020-3-23,267,3347
2020-3-23,267,3347
2020-3-23,267,3347
2020-3-23,267,3347
2020-3-23,267,3336
2020-3-23,267,3335
2020-3-23,267,3335
2020-3-23,267,3334
2020-3-23,267,3332
2020-3-23,267,3331
2020-3-23,267,3330
2020-3-23,267,3329
2020-3-23,267,3328
2020-3-23,267,3325
2020-3-23,267,3323
2020-3-23,267,3323
2020-3-23,267,3326
2020-3-23,267,3326
2020-3-23,267,3327
2020-3-23,267,3327
2020-3-23,267,3326
2020-3-23,267,3323
2020-3-23,267,3321
2020-3-23,267,3322
2020-3-23,267,3323
2020-3-23,267,3324
2020-3-23,267,3325
2020-3-23,267,3323
2020-3-23,267,3324
2020-3-23,267,3323
2020-3-23,267,3323
2020-3-23,267,3326
2020-3-23,267,3328
2020-3-23,267,3324
2020-3-23,267,3328
2020-3-23,267,3325
2020-3-23,267,3325
2020-3-23,267,3324
2020-3-23,267,3326
2020-3-23,267,3323
2020-3-23,267,3320
2020-3-23,267,3319
2020-3-23,267,3319
2020-3-23,267,3319
2020-3-23,267,3315
2020-3-23,267,3317
2020-3-23,267,3316
2020-3-23,267,3316
2020-3-23,267,3319
2020-3-23,267,3315
2020-3-23,267,3315
2020-3-23,267,3315
2020-3-23,267,3314
2020-3-23,267,3311
2020-3-23,267,3310
2020-3-23,267,3310
2020-3-23,267,3304
2020-3-23,267,3301
2020-3-23,267,3301
2020-3-23,267,3306
2020-3-23,267,3306
2020-3-23,267,3301
2020-3-23,267,3303
2020-3-23,267,3302
2020-3-23,267,3301
2020-3-23,267,3303
2020-3-23,267,3301
2020-3-23,267,3300
2020-3-23,267,3299
2020-3-23,267,3308
2020-3-23,267,3313
2020-3-23,267,3316
2020-3-23,267,3314
2020-3-23,267,3314
2020-3-23,267,3316
2020-3-23,267,3317
2020-3-23,267,3321
2020-3-23,267,3319
2020-3-23,267,3319
2020-3-23,267,3319
2020-3-23,267,3317
2020-3-23,267,3317
2020-3-23,267,3316
2020-3-23,267,3316
2020-3-23,267,3315
2020-3-23,267,3314
2020-3-23,267,3313
2020-3-23,267,3311
2020-3-23,267,3309
2020-3-23,268,3310
2020-3-23,268,3311
2020-3-23,267,3312
2020-3-23,267,3309
2020-3-23,267,3308
2020-3-23,267,3302
2020-3-23,266,3301
2020-3-23,267,3310
2020-3-23,267,3310
2020-3-23,267,3309
2020-3-23,267,3310
2020-3-23,267,3309
2020-3-23,267,3307
2020-3-23,267,3306
2020-3-23,267,3307
2020-3-23,267,3308
2020-3-23,267,3308
2020-3-23,267,3307
2020-3-23,267,3310
2020-3-23,267,3311
2020-3-23,267,3311
2020-3-23,267,3311
2020-3-23,267,3308
2020-3-23,267,3307
2020-3-23,267,3310
2020-3-23,267,3310
2020-3-23,267,3315
2020-3-23,267,3315
2020-3-23,267,3312
2020-3-23,267,3312
2020-3-23,267,3312
2020-3-23,267,3307
2020-3-23,267,3308
2020-3-23,267,3308
2020-3-23,267,3312
2020-3-23,267,3312
2020-3-23,267,3313
2020-3-23,267,3312
2020-3-23,267,3314
2020-3-23,267,3315
2020-3-23,267,3317
2020-3-23,267,3317
2020-3-23,267,3309
2020-3-23,266,3312
2020-3-23,266,3312
2020-3-23,266,3312
2020-3-23,266,3308
2020-3-23,266,3309
2020-3-23,266,3309
2020-3-23,266,3308
2020-3-23,266,3307
2020-3-23,266,3308
2020-3-23,266,3305
2020-3-23,266,3308
2020-3-23,266,3308
2020-3-23,266,3309
2020-3-23,266,3309
2020-3-23,266,3311
2020-3-23,266,3313
2020-3-23,266,3314
2020-3-23,266,3313
2020-3-23,266,3312
2020-3-23,266,3313
2020-3-23,266,3311
2020-3-23,266,3313
2020-3-23,266,3313
2020-3-23,266,3311
2020-3-23,266,3309
2020-3-23,266,3309
2020-3-23,266,3313
2020-3-23,266,3310
2020-3-23,266,3309
2020-3-23,266,3311
2020-3-23,266,3310
2020-3-23,266,3310
2020-3-23,266,3310
2020-3-23,266,3306
2020-3-23,266,3301
2020-3-23,266,3304
2020-3-23,266,3306
2020-3-23,266,3309
2020-3-23,266,3308
2020-3-23,266,3309
2020-3-23,266,3308
2020-3-23,266,3309
2020-3-23,266,3308
2020-3-23,266,3307
2020-3-23,266,3312
2020-3-23,266,3309
2020-3-23,266,3330
2020-3-23,267,3346
2020-3-23,267,3349
2020-3-23,268,3368
2020-3-23,268,3376
2020-3-23,268,3380
2020-3-23,268,3391
2020-3-23,269,3410
2020-3-23,270,3425
2020-3-23,270,3448
2020-3-23,270,3454
2020-3-23,271,3469
2020-3-23,272,3473
2020-3-23,272,3475
2020-3-23,273,3498
2020-3-23,273,3497
2020-3-23,272,3498
2020-3-23,273,3506
2020-3-23,273,3499
2020-3-23,273,3502
2020-3-23,273,3501
2020-3-23,273,3498
2020-3-23,273,3499
2020-3-23,273,3496
2020-3-23,273,3496
2020-3-23,273,3499
2020-3-23,273,3503
2020-3-23,274,3510
2020-3-23,274,3506
2020-3-23,274,3505
2020-3-23,274,3505
2020-3-23,274,3501
2020-3-23,274,3504
2020-3-23,274,3502
2020-3-23,274,3500
2020-3-23,274,3501
2020-3-23,274,3499
2020-3-23,274,3499
2020-3-23,274,3496
2020-3-23,274,3494
2020-3-23,274,3492
2020-3-23,274,3491
2020-3-23,274,3510
2020-3-23,274,3512
2020-3-23,274,3511
2020-3-23,275,3452
2020-3-23,275,3443
2020-3-23,274,3440
2020-3-23,274,3443
2020-3-23,274,3439
2020-3-23,274,3436
2020-3-23,274,3431
2020-3-23,274,3430
2020-3-23,274,3429
2020-3-23,274,3427
2020-3-23,274,3426
2020-3-23,274,3424
2020-3-23,274,3422
2020-3-23,274,3414
2020-3-23,273,3414
2020-3-23,274,3417
2020-3-23,274,3415
2020-3-23,274,3420
2020-3-23,274,3421
2020-3-23,274,3414
2020-3-23,274,3413
2020-3-23,274,3412
2020-3-23,274,3415
2020-3-23,274,3417
2020-3-23,274,3418
2020-3-23,274,3420
2020-3-23,274,3421
2020-3-23,274,3421
2020-3-23,274,3418
2020-3-23,274,3417
2020-3-23,274,3418
2020-3-23,274,3417
2020-3-23,274,3419
2020-3-23,274,3415
2020-3-23,274,3414
2020-3-23,274,3414
2020-3-23,274,3412
2020-3-23,274,3411
2020-3-23,274,3411
2020-3-23,274,3410
2020-3-23,274,3408
2020-3-23,274,3409
2020-3-23,274,3408
2020-3-23,274,3407
2020-3-23,274,3409
2020-3-23,274,3407
2020-3-23,274,3401
2020-3-23,274,3400
2020-3-23,274,3394
2020-3-23,274,3396
2020-3-23,275,3382
2020-3-23,275,3383
2020-3-23,274,3376
2020-3-23,274,3375
2020-3-23,274,3377
2020-3-23,274,3370
2020-3-23,274,3372
2020-3-23,274,3422
2020-3-23,275,3433
2020-3-23,275,3429
2020-3-23,275,3423
2020-3-23,275,3423
2020-3-23,274,3421
2020-3-23,274,3421
2020-3-23,274,3420
2020-3-23,274,3420
2020-3-23,274,3420
2020-3-23,274,3425
2020-3-23,274,3425
2020-3-23,274,3420
2020-3-23,274,3420
2020-3-23,274,3418
2020-3-23,274,3420
2020-3-23,274,3420
2020-3-23,274,3418
2020-3-23,274,3420
2020-3-23,274,3421
2020-3-23,274,3423
2020-3-23,274,3422
2020-3-23,274,3420
2020-3-23,274,3418
2020-3-23,274,3411
2020-3-23,274,3409
2020-3-23,274,3409
2020-3-23,274,3408
2020-3-23,274,3410
2020-3-23,274,3410
2020-3-23,274,3409
2020-3-23,274,3407
2020-3-23,274,3404
2020-3-23,274,3405
2020-3-23,274,3407
2020-3-23,274,3406
2020-3-23,274,3405
2020-3-23,274,3405
2020-3-23,274,3405
2020-3-23,274,3403
2020-3-23,274,3399
2020-3-23,274,3398
2020-3-23,274,3385
2020-3-23,274,3383
2020-3-23,274,3384
2020-3-23,274,3381
2020-3-23,274,3382
2020-3-23,274,3376
2020-3-23,273,3376
2020-3-23,273,3375
2020-3-23,274,3382
2020-3-23,274,3381
2020-3-23,274,3382
2020-3-23,274,3382
2020-3-23,274,3380
2020-3-23,274,3381
2020-3-23,274,3387
2020-3-23,274,3388
2020-3-23,274,3388
2020-3-23,274,3385
2020-3-23,274,3385
2020-3-23,274,3385
2020-3-23,274,3387
2020-3-23,274,3386
2020-3-23,274,3386
2020-3-23,274,3385
2020-3-23,274,3387
2020-3-23,274,3385
2020-3-23,274,3383
2020-3-23,274,3382
2020-3-23,274,3384
2020-3-23,274,3385
2020-3-23,274,3383
2020-3-23,274,3382
2020-3-23,274,3380
2020-3-23,274,3381
2020-3-23,274,3382
2020-3-23,274,3381
2020-3-23,274,3382
2020-3-23,274,3378
2020-3-23,274,3379
2020-3-23,274,3378
2020-3-23,274,3376
2020-3-23,274,3377
2020-3-23,274,3377
2020-3-23,273,3378
2020-3-23,273,3378
2020-3-23,273,3376
2020-3-23,273,3378
2020-3-23,273,3378
2020-3-23,273,3377
2020-3-23,272,3373
2020-3-23,272,3373
2020-3-23,272,3371
2020-3-23,272,3368
2020-3-23,272,3363
2020-3-23,272,3364
2020-3-23,272,3340
2020-3-23,272,3340
2020-3-23,272,3340
2020-3-23,272,3334
2020-3-23,272,3333
2020-3-23,272,3333
2020-3-23,272,3334
2020-3-23,272,3334
2020-3-23,273,3337
2020-3-23,273,3339
2020-3-23,273,3332
2020-3-23,272,3334
2020-3-23,272,3335
2020-3-23,272,3334
2020-3-23,272,3333
2020-3-23,272,3333
2020-3-23,272,3333
2020-3-23,272,3328
2020-3-23,272,3328
2020-3-23,272,3331
2020-3-23,272,3330
2020-3-23,272,3331
2020-3-23,272,3333
2020-3-23,272,3328
2020-3-23,272,3332
2020-3-23,272,3331
2020-3-23,272,3332
2020-3-23,272,3330
2020-3-23,272,3334
2020-3-23,272,3347
2020-3-23,272,3346
2020-3-23,272,3345
2020-3-23,272,3350
2020-3-23,272,3349
2020-3-23,272,3349
2020-3-23,272,3350
2020-3-23,272,3349
2020-3-23,272,3345
2020-3-23,272,3348
2020-3-23,272,3348
2020-3-23,272,3347
2020-3-23,272,3346
2020-3-23,272,3345
2020-3-23,272,3345
2020-3-23,272,3346
2020-3-23,271,3338
2020-3-23,272,3343
2020-3-23,272,3343
2020-3-23,272,3343
2020-3-23,272,3342
2020-3-23,272,3340
2020-3-23,272,3339
2020-3-23,272,3332
2020-3-23,272,3330
2020-3-23,271,3332
2020-3-23,271,3331
2020-3-23,271,3327
2020-3-23,271,3323
2020-3-23,271,3322
2020-3-23,271,3323
2020-3-23,271,3323
2020-3-23,271,3320
2020-3-23,271,3319
2020-3-23,271,3318
2020-3-23,271,3316
2020-3-23,271,3315
2020-3-23,271,3315
2020-3-23,271,3316
2020-3-23,271,3316
2020-3-23,271,3314
2020-3-23,271,3314
2020-3-23,271,3314
2020-3-23,271,3317
2020-3-23,271,3319
2020-3-23,271,3319
2020-3-23,271,3322
2020-3-23,271,3324
2020-3-23,271,3324
2020-3-23,271,3324
2020-3-23,271,3323
2020-3-23,271,3322
2020-3-23,271,3320
2020-3-23,271,3319
2020-3-23,271,3316
2020-3-23,271,3313
2020-3-23,271,3309
2020-3-23,271,3311
2020-3-23,271,3314
2020-3-23,271,3315
2020-3-23,271,3314
2020-3-23,271,3312
2020-3-23,271,3315
2020-3-23,271,3314
2020-3-23,271,3315
2020-3-23,271,3317
2020-3-23,271,3318
2020-3-23,271,3318
2020-3-23,271,3318
2020-3-23,271,3318
2020-3-23,271,3321
2020-3-23,271,3323
2020-3-23,271,3323
2020-3-23,273,3326
2020-3-23,271,3324
2020-3-23,271,3323
2020-3-23,271,3323
2020-3-23,271,3323
2020-3-23,271,3323
2020-3-23,271,3318
2020-3-23,271,3318
2020-3-23,271,3317
2020-3-23,271,3318
2020-3-23,271,3318
2020-3-23,271,3317
2020-3-23,271,3317
2020-3-23,271,3315
2020-3-23,271,3316
2020-3-23,271,3316
2020-3-23,271,3311
2020-3-23,271,3309
2020-3-23,271,3307
2020-3-23,271,3306
2020-3-23,271,3306
2020-3-23,271,3306
2020-3-23,271,3309
2020-3-23,271,3313
2020-3-23,271,3311
2020-3-23,271,3311
2020-3-23,272,3312
2020-3-23,272,3310
2020-3-23,271,3310
2020-3-23,271,3308
2020-3-23,271,3306
2020-3-23,271,3306
2020-3-23,272,3313
2020-3-23,271,3318
2020-3-23,271,3318
2020-3-23,271,3318
2020-3-23,271,3313
2020-3-23,271,3310
2020-3-23,271,3307
2020-3-23,270,3308
2020-3-23,271,3315
2020-3-23,271,3314
2020-3-23,271,3320
2020-3-23,271,3320
2020-3-23,271,3325
2020-3-23,271,3326
2020-3-23,271,3325
2020-3-23,271,3326
2020-3-23,271,3326
2020-3-23,271,3327
2020-3-23,271,3322
2020-3-23,271,3320
2020-3-23,271,3319
2020-3-23,271,3319
2020-3-23,271,3317
2020-3-23,271,3317
2020-3-23,271,3316
2020-3-23,271,3315
2020-3-23,271,3315
2020-3-23,271,3317
2020-3-23,271,3315
2020-3-23,271,3317
2020-3-23,271,3318
2020-3-23,271,3317
2020-3-23,271,3314
2020-3-23,271,3315
2020-3-23,271,3314
2020-3-23,271,3316
2020-3-23,271,3315
2020-3-23,271,3317
2020-3-23,271,3315
2020-3-23,271,3315
2020-3-23,271,3315
2020-3-23,271,3314
2020-3-23,271,3313
2020-3-23,271,3312
2020-3-23,271,3312
2020-3-23,271,3312
2020-3-23,271,3313
2020-3-23,271,3312
2020-3-23,271,3311
2020-3-23,271,3313
2020-3-23,271,3313
2020-3-23,271,3313
2020-3-23,271,3312
2020-3-23,271,3312
2020-3-23,271,3314
2020-3-23,271,3313
2020-3-23,271,3326
2020-3-23,272,3369
2020-3-23,272,3373
2020-3-23,272,3376
2020-3-23,272,3377
2020-3-23,272,3376
2020-3-23,272,3374
2020-3-23,272,3372
2020-3-23,272,3369
2020-3-23,272,3372
2020-3-23,272,3374
2020-3-23,272,3376
2020-3-23,272,3375
2020-3-23,272,3373
2020-3-23,272,3372
2020-3-23,272,3372
2020-3-23,272,3372
2020-3-23,272,3372
2020-3-23,272,3371
2020-3-23,272,3372
2020-3-23,272,3370
2020-3-23,272,3369
2020-3-23,272,3378
2020-3-23,272,3373
2020-3-23,272,3369
2020-3-23,272,3371
2020-3-23,272,3365
2020-3-23,272,3366
2020-3-23,272,3366
2020-3-23,272,3366
2020-3-23,272,3366
2020-3-23,272,3366
2020-3-23,272,3371
2020-3-23,272,3370
2020-3-23,272,3369
2020-3-23,272,3363
2020-3-23,272,3366
2020-3-23,272,3364
2020-3-23,272,3366
2020-3-23,272,3369
2020-3-23,272,3369
2020-3-23,272,3370
2020-3-23,272,3372
2020-3-23,272,3372
2020-3-23,272,3372
2020-3-23,272,3367
2020-3-23,271,3367
2020-3-23,272,3375
2020-3-23,272,3372
2020-3-23,272,3371
2020-3-23,272,3367
2020-3-23,272,3369
2020-3-23,272,3370
2020-3-23,272,3371
2020-3-23,272,3371
2020-3-23,272,3373
2020-3-23,272,3374
2020-3-23,272,3374
2020-3-23,272,3372
2020-3-23,272,3373
2020-3-23,272,3372
2020-3-23,272,3372
2020-3-23,272,3372
2020-3-23,272,3371
2020-3-23,272,3371
2020-3-23,272,3371
2020-3-23,272,3363
2020-3-23,272,3366
2020-3-23,272,3364
2020-3-23,272,3362
2020-3-23,272,3359
2020-3-23,272,3360
2020-3-23,272,3356
2020-3-23,272,3355
2020-3-23,272,3355
2020-3-23,272,3349
2020-3-23,272,3346
2020-3-23,272,3347
2020-3-23,272,3350
2020-3-23,272,3349
2020-3-23,272,3349
2020-3-23,272,3348
2020-3-23,272,3349
2020-3-23,272,3350
2020-3-23,272,3348
2020-3-23,272,3349
2020-3-23,272,3350
2020-3-23,272,3349
2020-3-23,272,3349
2020-3-23,272,3350
2020-3-23,272,3346
2020-3-23,272,3349
2020-3-23,272,3348
2020-3-23,272,3342
2020-3-23,272,3344
2020-3-23,272,3343
2020-3-23,272,3346
2020-3-23,272,3350
2020-3-23,272,3347
2020-3-23,272,3347
2020-3-23,272,3347
2020-3-23,272,3347
2020-3-23,272,3347
2020-3-23,272,3345
2020-3-23,272,3343
2020-3-23,272,3326
2020-3-23,272,3314
2020-3-23,272,3314
2020-3-23,272,3313
2020-3-23,272,3311
2020-3-23,272,3310
2020-3-23,272,3311
2020-3-23,272,3313
2020-3-23,272,3314
2020-3-23,272,3313
2020-3-23,272,3313
2020-3-23,272,3314
2020-3-23,272,3316
2020-3-23,272,3315
2020-3-23,272,3314
2020-3-23,272,3311
2020-3-23,272,3310
2020-3-23,272,3307
2020-3-23,272,3305
2020-3-23,272,3306
2020-3-23,272,3307
2020-3-23,272,3306
2020-3-23,272,3305
2020-3-23,272,3301
2020-3-23,272,3300
2020-3-23,272,3302
2020-3-23,272,3302
2020-3-23,272,3299
2020-3-23,272,3295
2020-3-23,272,3297
2020-3-23,272,3302
2020-3-23,272,3307
2020-3-23,272,3307
2020-3-23,272,3309
2020-3-23,272,3310
2020-3-23,272,3305
2020-3-23,271,3305
2020-3-23,272,3319
2020-3-23,272,3320
2020-3-23,272,3320
2020-3-23,272,3321
2020-3-23,272,3321
2020-3-23,273,3327
2020-3-23,272,3327
2020-3-23,272,3327
2020-3-23,272,3327
2020-3-23,272,3327
2020-3-23,272,3329
2020-3-23,272,3329
2020-3-23,272,3329
2020-3-23,272,3327
2020-3-23,272,3326
2020-3-23,272,3324
2020-3-23,272,3324
2020-3-23,272,3324
2020-3-23,272,3323
2020-3-23,272,3321
2020-3-23,272,3323
2020-3-23,272,3323
2020-3-23,272,3320
2020-3-23,272,3316
2020-3-23,272,3314
2020-3-23,272,3313
2020-3-23,272,3312
2020-3-23,272,3313
2020-3-23,272,3311
2020-3-23,272,3309
2020-3-23,272,3308
2020-3-23,273,3310
2020-3-23,272,3309
2020-3-23,272,3307
2020-3-23,272,3306
2020-3-23,272,3305
2020-3-23,272,3306
2020-3-23,272,3308
2020-3-23,272,3305
2020-3-23,272,3303
2020-3-23,272,3302
2020-3-23,272,3302
2020-3-23,272,3301
2020-3-23,272,3302
2020-3-23,272,3301
2020-3-23,272,3307
2020-3-23,272,3306
2020-3-23,272,3305
2020-3-23,272,3310
2020-3-23,272,3311
2020-3-23,272,3313
2020-3-23,272,3313
2020-3-23,272,3308
2020-3-23,272,3302
2020-3-23,272,3306
2020-3-23,272,3303
2020-3-23,272,3306
2020-3-23,272,3305
2020-3-23,272,3304
2020-3-23,272,3305
2020-3-23,272,3306
2020-3-23,272,3305
2020-3-23,272,3303
2020-3-23,272,3302
2020-3-23,272,3302
2020-3-23,272,3301
2020-3-23,272,3301
2020-3-23,272,3301
2020-3-23,272,3298
2020-3-23,272,3295
2020-3-23,272,3296
2020-3-23,272,3295
2020-3-23,272,3295
2020-3-23,272,3295
2020-3-23,272,3294
2020-3-23,272,3295
2020-3-23,272,3295
2020-3-23,272,3295
2020-3-23,272,3305
2020-3-23,272,3309
2020-3-23,272,3307
2020-3-23,272,3304
2020-3-23,272,3303
2020-3-23,272,3305
2020-3-23,272,3306
2020-3-23,272,3305
2020-3-23,272,3303
2020-3-23,272,3303
2020-3-23,272,3303
2020-3-23,272,3302
2020-3-23,272,3302
2020-3-23,272,3301
2020-3-23,272,3299
2020-3-23,271,3300
2020-3-23,270,3298
2020-3-23,271,3309
2020-3-23,271,3307
2020-3-23,271,3309
2020-3-23,271,3309
2020-3-23,271,3308
2020-3-23,271,3308
2020-3-23,271,3307
2020-3-23,271,3306
2020-3-23,271,3306
2020-3-23,271,3308
2020-3-23,271,3309
2020-3-23,271,3308
2020-3-23,271,3305
2020-3-23,271,3305
2020-3-23,271,3308
2020-3-23,271,3309
2020-3-23,271,3308
2020-3-23,271,3308
2020-3-23,271,3308
2020-3-23,271,3307
2020-3-23,271,3313
2020-3-23,271,3311
2020-3-23,271,3309
2020-3-23,271,3306
2020-3-23,271,3306
2020-3-23,271,3309
2020-3-23,271,3308
2020-3-23,271,3307
2020-3-23,271,3305
2020-3-23,271,3304
2020-3-23,271,3304
2020-3-23,271,3304
2020-3-23,271,3305
2020-3-23,271,3303
2020-3-23,271,3303
2020-3-23,271,3304
2020-3-23,271,3303
2020-3-23,271,3305
2020-3-23,271,3303
2020-3-23,271,3302
2020-3-23,271,3302
2020-3-23,271,3296
2020-3-23,271,3297
2020-3-23,271,3292
2020-3-23,271,3291
2020-3-23,271,3291
2020-3-23,271,3287
2020-3-23,271,3289
2020-3-23,271,3292
2020-3-23,271,3291
2020-3-23,271,3287
2020-3-23,271,3288
2020-3-23,271,3289
2020-3-23,271,3287
2020-3-23,271,3287
2020-3-23,271,3286
2020-3-23,271,3289
2020-3-23,271,3285
2020-3-23,271,3282
2020-3-23,271,3282
2020-3-23,271,3282
2020-3-23,271,3282
2020-3-23,271,3286
2020-3-23,271,3283
2020-3-23,271,3285
2020-3-23,271,3283
2020-3-23,271,3284
2020-3-23,271,3281
2020-3-23,271,3278
2020-3-23,271,3275
2020-3-23,271,3280
2020-3-23,271,3280
2020-3-23,271,3281
2020-3-23,271,3280
2020-3-23,271,3279
2020-3-23,271,3282
2020-3-23,271,3285
2020-3-23,271,3287
2020-3-23,271,3287
2020-3-23,271,3286
2020-3-23,271,3286
2020-3-23,271,3286
2020-3-23,271,3285
2020-3-23,271,3284
2020-3-23,271,3285
2020-3-23,271,3284
2020-3-23,271,3285
2020-3-23,271,3286
2020-3-23,271,3287
2020-3-23,271,3288
2020-3-23,271,3288
2020-3-23,271,3288
2020-3-23,271,3288
2020-3-23,271,3288
2020-3-23,271,3281
2020-3-23,270,3296
2020-3-23,271,3303
2020-3-23,271,3303
2020-3-23,271,3302
2020-3-23,271,3302
2020-3-23,271,3304
2020-3-23,271,3298
2020-3-23,271,3293
2020-3-23,271,3293
2020-3-23,271,3293
2020-3-23,271,3294
2020-3-23,271,3293
2020-3-23,271,3293
2020-3-23,271,3291
2020-3-23,271,3292
2020-3-23,271,3292
2020-3-23,271,3290
2020-3-23,271,3290
2020-3-23,271,3290
2020-3-23,271,3290
2020-3-23,271,3281
2020-3-23,271,3285
2020-3-23,271,3285
2020-3-23,271,3283
2020-3-23,271,3281
2020-3-23,271,3283
2020-3-23,271,3284
2020-3-23,271,3283
2020-3-23,271,3283
2020-3-23,271,3282
2020-3-23,271,3282
2020-3-23,271,3282
2020-3-23,271,3282
2020-3-23,271,3279
2020-3-23,271,3277
2020-3-23,271,3277
2020-3-23,271,3275
2020-3-23,271,3274
2020-3-23,271,3277
2020-3-23,271,3278
2020-3-23,271,3277
2020-3-23,271,3277
2020-3-23,271,3280
2020-3-23,271,3280
2020-3-23,271,3287
2020-3-23,271,3288
2020-3-23,271,3288
2020-3-23,271,3289
2020-3-23,271,3292
2020-3-23,271,3294
2020-3-23,271,3291
2020-3-23,271,3292
2020-3-23,271,3294
2020-3-23,271,3292
2020-3-23,271,3288
2020-3-23,271,3288
2020-3-23,271,3287
2020-3-23,271,3289
2020-3-23,271,3289
2020-3-23,271,3286
2020-3-23,271,3284
2020-3-23,271,3283
2020-3-23,271,3288
2020-3-23,271,3291
2020-3-23,271,3287
2020-3-23,271,3286
2020-3-23,271,3286
2020-3-23,271,3286
2020-3-23,271,3281
2020-3-23,271,3282
2020-3-23,271,3278
2020-3-23,271,3277
2020-3-23,271,3277
2020-3-23,271,3276
2020-3-23,271,3274
2020-3-23,271,3276
2020-3-23,271,3274
2020-3-23,271,3278
2020-3-23,272,3279
2020-3-23,271,3274
2020-3-23,271,3270
2020-3-23,271,3271
2020-3-23,271,3270
2020-3-23,271,3271
2020-3-23,271,3270
2020-3-23,271,3270
2020-3-23,271,3270
2020-3-23,271,3267
2020-3-23,272,3272
2020-3-23,271,3271
2020-3-23,271,3269
2020-3-23,271,3273
2020-3-23,271,3273
2020-3-23,271,3271
2020-3-23,271,3273
2020-3-23,271,3277
2020-3-23,270,3284
2020-3-23,271,3291
2020-3-23,271,3291
2020-3-23,271,3294
2020-3-23,271,3295
2020-3-23,271,3295
2020-3-23,271,3293
2020-3-23,271,3290
2020-3-23,271,3288
2020-3-23,271,3290
2020-3-23,271,3288
2020-3-23,271,3287
2020-3-23,271,3286
2020-3-23,271,3288
2020-3-23,271,3289
2020-3-23,271,3289
2020-3-23,271,3287
2020-3-23,271,3288
2020-3-23,271,3288
2020-3-23,271,3287
2020-3-23,271,3287
2020-3-23,271,3286
2020-3-23,271,3291
2020-3-23,271,3288
2020-3-23,271,3288
2020-3-23,271,3294
2020-3-23,271,3295
2020-3-23,271,3295
2020-3-23,271,3293
2020-3-23,271,3293
2020-3-23,271,3296
2020-3-23,271,3298
2020-3-23,271,3298
2020-3-23,271,3299
2020-3-23,271,3298
2020-3-23,271,3298
2020-3-23,271,3298
2020-3-23,270,3297
2020-3-23,270,3297
2020-3-23,270,3295
2020-3-23,270,3294
2020-3-23,270,3296
2020-3-23,270,3295
2020-3-23,270,3295
2020-3-23,270,3294
2020-3-23,270,3294
2020-3-23,270,3291
2020-3-23,270,3289
2020-3-23,270,3290
2020-3-23,270,3291
2020-3-23,270,3289
2020-3-23,270,3290
2020-3-23,270,3290
2020-3-23,270,3290
2020-3-23,270,3290
2020-3-23,270,3291
2020-3-23,270,3293
2020-3-23,270,3297
2020-3-23,270,3297
2020-3-23,270,3296
2020-3-23,270,3291
2020-3-23,270,3292
2020-3-23,270,3292
2020-3-23,270,3292
2020-3-23,270,3286
2020-3-23,270,3290
2020-3-23,276,3294
2020-3-23,270,3296
2020-3-23,270,3299
2020-3-23,270,3297
2020-3-23,270,3296
2020-3-23,270,3296
2020-3-23,270,3301
2020-3-23,270,3304
2020-3-23,270,3301
2020-3-23,270,3299
2020-3-23,270,3299
2020-3-23,270,3299
2020-3-23,270,3296
2020-3-23,270,3296
2020-3-23,270,3298
2020-3-23,270,3299
2020-3-23,270,3300
2020-3-23,270,3302
2020-3-23,270,3301
2020-3-23,270,3303
2020-3-23,270,3299
2020-3-23,270,3301
2020-3-23,270,3302
2020-3-23,270,3300
2020-3-23,270,3298
2020-3-23,270,3300
2020-3-23,270,3300
2020-3-23,270,3303
2020-3-23,270,3307
2020-3-23,270,3311
2020-3-23,270,3316
2020-3-23,269,3311
2020-3-23,270,3323
2020-3-23,270,3322
2020-3-23,270,3322
2020-3-23,270,3323
2020-3-23,270,3322
2020-3-23,270,3320
2020-3-23,270,3321
2020-3-23,270,3322
2020-3-23,270,3322
2020-3-23,270,3321
2020-3-23,270,3322
2020-3-23,270,3320
2020-3-23,270,3320
2020-3-23,270,3323
2020-3-23,270,3324
2020-3-23,270,3321
2020-3-23,270,3318
2020-3-23,270,3318
2020-3-23,270,3317
2020-3-23,270,3314
2020-3-23,270,3316
2020-3-23,270,3314
2020-3-23,270,3314
2020-3-23,270,3312
2020-3-23,270,3312
2020-3-23,270,3308
2020-3-23,270,3309
2020-3-23,270,3311
2020-3-23,270,3311
2020-3-23,270,3311
2020-3-23,270,3309
2020-3-23,270,3306
2020-3-23,270,3305
2020-3-23,270,3305
2020-3-23,270,3304
2020-3-23,270,3304
2020-3-23,270,3304
2020-3-23,270,3304
2020-3-23,270,3306
2020-3-23,270,3306
2020-3-23,270,3307
2020-3-23,270,3307
2020-3-23,270,3304
2020-3-23,270,3308
2020-3-23,270,3311
2020-3-23,270,3311
2020-3-23,270,3312
2020-3-23,270,3307
2020-3-23,270,3306
2020-3-23,270,3307
2020-3-23,270,3308
2020-3-23,270,3308
2020-3-23,270,3306
2020-3-23,270,3303
2020-3-23,270,3302
2020-3-23,270,3303
2020-3-23,270,3302
2020-3-23,270,3305
2020-3-23,270,3308
2020-3-23,270,3309
2020-3-23,270,3310
2020-3-23,270,3310
2020-3-23,270,3314
2020-3-23,270,3311
2020-3-23,270,3309
2020-3-23,270,3312
2020-3-23,270,3308
2020-3-23,270,3309
2020-3-23,270,3309
2020-3-23,270,3312
2020-3-23,270,3308
2020-3-23,270,3312
2020-3-23,270,3304
2020-3-23,270,3304
2020-3-23,270,3303
2020-3-23,270,3300
2020-3-23,270,3299
2020-3-23,270,3293
2020-3-23,270,3294
2020-3-23,270,3295
2020-3-23,270,3296
2020-3-23,270,3295
2020-3-23,270,3294
2020-3-23,270,3286
2020-3-23,270,3288
2020-3-23,270,3289
2020-3-23,270,3287
2020-3-23,270,3283
2020-3-23,270,3284
2020-3-23,270,3284
2020-3-23,270,3283
2020-3-23,270,3283
2020-3-23,270,3289
2020-3-23,270,3288
2020-3-23,270,3287
2020-3-23,270,3290
2020-3-23,271,3293
2020-3-23,270,3300
2020-3-23,270,3295
2020-3-23,270,3294
2020-3-23,270,3294
2020-3-23,270,3296
2020-3-23,270,3296
2020-3-23,270,3296
2020-3-23,270,3295
2020-3-23,270,3294
2020-3-23,270,3297
2020-3-23,270,3296
2020-3-23,270,3295
2020-3-23,270,3297
2020-3-23,270,3295
2020-3-23,270,3295
2020-3-23,270,3295
2020-3-23,274,3359
2020-3-23,275,3389
2020-3-23,276,3411
2020-3-23,276,3419
2020-3-23,276,3399
2020-3-23,275,3399
2020-3-23,275,3398
2020-3-23,275,3396
2020-3-23,276,3395
2020-3-23,275,3396
2020-3-23,275,3393
2020-3-23,275,3393
2020-3-23,275,3393
2020-3-23,275,3393
2020-3-23,275,3393
2020-3-23,275,3393
2020-3-23,275,3392
2020-3-23,275,3394
2020-3-23,275,3390
2020-3-23,275,3393
2020-3-23,275,3393
2020-3-23,275,3393
2020-3-23,275,3390
2020-3-23,275,3392
2020-3-23,275,3396
2020-3-23,275,3394
2020-3-23,275,3402
2020-3-23,275,3402
2020-3-23,275,3397
2020-3-23,275,3397
2020-3-23,275,3396
2020-3-23,275,3395
2020-3-23,275,3395
2020-3-23,275,3394
2020-3-23,275,3393
2020-3-23,275,3393
2020-3-23,275,3393
2020-3-23,275,3391
2020-3-23,275,3391
2020-3-23,275,3394
2020-3-23,275,3394
2020-3-23,275,3396
2020-3-23,275,3395
2020-3-23,275,3391
2020-3-23,275,3390
2020-3-23,275,3382
2020-3-23,275,3369
2020-3-23,274,3365
2020-3-23,274,3367
2020-3-23,274,3370
2020-3-23,274,3369
2020-3-23,274,3369
2020-3-23,274,3368
2020-3-23,274,3369
2020-3-23,274,3370
2020-3-23,274,3371
2020-3-23,274,3370
2020-3-23,274,3367
2020-3-23,273,3365
2020-3-23,273,3358
2020-3-23,273,3360
2020-3-23,273,3358
2020-3-23,273,3355
2020-3-23,273,3351
2020-3-23,273,3350
2020-3-23,273,3353
2020-3-23,273,3352
2020-3-23,273,3350
2020-3-23,273,3347
2020-3-23,272,3348
2020-3-23,272,3351
2020-3-23,272,3352
2020-3-23,272,3349
2020-3-23,272,3347
2020-3-23,272,3347
2020-3-23,272,3343
2020-3-23,271,3345
2020-3-23,272,3350
2020-3-23,272,3349
2020-3-23,272,3345
2020-3-23,272,3347
2020-3-23,272,3346
2020-3-23,272,3344
2020-3-23,272,3341
2020-3-23,272,3341
2020-3-23,272,3336
2020-3-23,272,3338
2020-3-23,272,3338
2020-3-23,272,3338
2020-3-23,272,3339
2020-3-23,272,3337
2020-3-23,272,3335
2020-3-23,272,3334
2020-3-23,272,3335
2020-3-23,272,3334
2020-3-23,272,3334
2020-3-23,272,3333
2020-3-23,272,3364
2020-3-23,273,3387
2020-3-23,273,3393
2020-3-23,273,3391
2020-3-23,273,3390
2020-3-23,273,3386
2020-3-23,273,3390
2020-3-23,273,3388
2020-3-23,273,3388
2020-3-23,273,3387
2020-3-23,273,3386
2020-3-23,273,3386
2020-3-23,273,3386
2020-3-23,273,3385
2020-3-23,273,3384
2020-3-23,273,3383
2020-3-23,273,3384
2020-3-23,273,3384
2020-3-23,273,3386
2020-3-23,273,3387
2020-3-23,273,3387
2020-3-23,273,3385
2020-3-23,273,3383
2020-3-23,273,3382
2020-3-23,273,3380
2020-3-23,273,3376
2020-3-23,273,3375
2020-3-23,273,3366
2020-3-23,273,3366
2020-3-23,273,3366
2020-3-23,273,3364
2020-3-23,273,3363
2020-3-23,273,3360
2020-3-23,273,3362
2020-3-23,273,3364
2020-3-23,273,3365
2020-3-23,273,3366
2020-3-23,273,3366
2020-3-23,273,3364
2020-3-23,273,3362
2020-3-23,273,3361
2020-3-23,273,3363
2020-3-23,273,3361
2020-3-23,273,3361
2020-3-23,273,3360
2020-3-23,273,3359
2020-3-23,273,3360
2020-3-23,273,3362
2020-3-23,272,3347
2020-3-23,272,3343
2020-3-23,272,3346
2020-3-23,272,3344
2020-3-23,272,3345
2020-3-23,272,3345
2020-3-23,272,3344
2020-3-23,272,3342
2020-3-23,272,3341
2020-3-23,272,3341
2020-3-23,272,3340
2020-3-23,272,3340
2020-3-23,272,3334
2020-3-23,272,3335
2020-3-23,272,3338
2020-3-23,272,3338
2020-3-23,272,3334
2020-3-23,272,3338
2020-3-23,272,3338
2020-3-23,272,3333
2020-3-23,271,3327
2020-3-23,272,3330
2020-3-23,272,3330
2020-3-23,272,3333
2020-3-23,272,3330
2020-3-23,271,3336
2020-3-23,272,3334
2020-3-23,272,3332
2020-3-23,272,3335
2020-3-23,272,3334
2020-3-23,272,3332
2020-3-23,272,3331
2020-3-23,272,3333
2020-3-23,272,3333
2020-3-23,272,3332
2020-3-23,272,3329
2020-3-23,272,3326
2020-3-23,272,3325
2020-3-23,272,3327
2020-3-23,272,3326
2020-3-23,272,3325
2020-3-23,272,3322
2020-3-23,272,3323
2020-3-23,272,3322
2020-3-23,272,3320
2020-3-23,272,3322
2020-3-23,272,3322
2020-3-23,272,3323
2020-3-23,272,3322
2020-3-23,272,3322
2020-3-23,272,3323
2020-3-23,272,3322
2020-3-23,272,3320
2020-3-23,272,3317
2020-3-23,272,3315
2020-3-23,272,3309
2020-3-23,272,3307
2020-3-23,272,3306
2020-3-23,272,3305
2020-3-23,272,3306
2020-3-23,272,3304
2020-3-23,272,3304
2020-3-23,272,3306
2020-3-23,272,3307
2020-3-23,272,3308
2020-3-23,272,3310
2020-3-23,272,3311
2020-3-23,272,3308
2020-3-23,272,3308
2020-3-23,272,3305
2020-3-23,272,3308
2020-3-23,272,3309
2020-3-23,272,3305
2020-3-23,272,3307
2020-3-23,272,3310
2020-3-23,272,3310
2020-3-23,272,3309
2020-3-23,272,3309
2020-3-23,272,3308
2020-3-23,272,3307
2020-3-23,272,3308
2020-3-23,272,3308
2020-3-23,272,3308
2020-3-23,272,3310
2020-3-23,272,3308
2020-3-23,272,3305
2020-3-23,272,3316
2020-3-23,272,3315
2020-3-23,272,3340
2020-3-23,272,3338
2020-3-23,272,3344
2020-3-23,272,3348
2020-3-23,272,3349
2020-3-23,272,3346
2020-3-23,270,3343
2020-3-23,270,3343
2020-3-23,270,3342
2020-3-23,270,3347
2020-3-23,270,3341
2020-3-23,269,3342
2020-3-23,270,3353
2020-3-23,270,3351
2020-3-23,270,3349
2020-3-23,270,3344
2020-3-23,270,3343
2020-3-23,270,3338
2020-3-23,270,3336
2020-3-23,270,3338
2020-3-23,270,3335
2020-3-23,270,3329
2020-3-23,270,3327
2020-3-23,270,3324
2020-3-23,270,3323
2020-3-23,270,3320
2020-3-23,270,3316
2020-3-23,270,3316
2020-3-23,270,3316
2020-3-23,270,3316
2020-3-23,271,3333
2020-3-23,271,3336
2020-3-23,271,3347
2020-3-23,271,3341
2020-3-23,270,3343
2020-3-23,269,3336
2020-3-23,270,3343
2020-3-23,270,3343
2020-3-23,270,3342
2020-3-23,270,3342
2020-3-23,270,3342
2020-3-23,270,3342
2020-3-23,270,3341
2020-3-23,270,3340
2020-3-23,270,3341
2020-3-23,270,3338
2020-3-23,270,3339
2020-3-23,270,3340
2020-3-23,270,3342
2020-3-23,270,3342
2020-3-23,270,3340
2020-3-23,270,3339
2020-3-23,270,3339
2020-3-23,270,3351
2020-3-23,270,3350
2020-3-23,270,3352
2020-3-23,270,3353
2020-3-23,270,3350
2020-3-23,270,3354
2020-3-23,270,3355
2020-3-23,270,3353
2020-3-23,270,3351
2020-3-23,270,3356
2020-3-23,270,3357
2020-3-23,270,3354
2020-3-23,270,3354
2020-3-23,270,3354
2020-3-23,270,3354
2020-3-23,270,3352
2020-3-23,270,3352
2020-3-23,270,3351
2020-3-23,270,3351
2020-3-23,270,3351
2020-3-23,270,3350
2020-3-23,270,3348
2020-3-23,270,3345
2020-3-23,270,3346
2020-3-23,272,3365
2020-3-23,272,3364
2020-3-23,272,3356
2020-3-23,272,3358
2020-3-23,272,3361
2020-3-23,272,3372
2020-3-23,272,3374
2020-3-23,272,3374
2020-3-23,272,3376
2020-3-23,272,3377
2020-3-23,272,3379
2020-3-23,271,3361
2020-3-23,270,3358
2020-3-23,270,3357
2020-3-23,270,3359
2020-3-23,270,3361
2020-3-23,270,3354
2020-3-23,270,3354
2020-3-23,270,3354
2020-3-23,270,3355
2020-3-23,270,3356
2020-3-23,270,3355
2020-3-23,270,3354
2020-3-23,270,3350
2020-3-23,270,3350
2020-3-23,270,3351
2020-3-23,270,3348
2020-3-23,270,3347
2020-3-23,269,3351
2020-3-23,270,3354
2020-3-23,270,3354
2020-3-23,270,3350
2020-3-23,270,3353
2020-3-23,270,3353
2020-3-23,270,3350
2020-3-23,270,3350
2020-3-23,270,3350
2020-3-23,270,3350
2020-3-23,270,3347
2020-3-23,270,3345
2020-3-23,270,3345
2020-3-23,270,3344
2020-3-23,270,3342
2020-3-23,270,3340
2020-3-23,270,3339
2020-3-23,270,3340
2020-3-23,270,3340
2020-3-23,270,3337
2020-3-23,270,3335
2020-3-23,270,3340
2020-3-23,270,3338
2020-3-23,270,3340
2020-3-23,270,3338
2020-3-23,270,3338
2020-3-23,270,3336
2020-3-23,270,3337
2020-3-23,270,3337
2020-3-23,270,3335
2020-3-23,270,3328
2020-3-23,270,3334
2020-3-23,270,3341
2020-3-23,270,3340
2020-3-23,270,3340
2020-3-23,270,3338
2020-3-23,270,3337
2020-3-23,270,3343
2020-3-23,270,3340
2020-3-23,270,3341
2020-3-23,270,3341
2020-3-23,270,3340
2020-3-23,270,3339
2020-3-23,270,3335
2020-3-23,270,3334
2020-3-23,270,3331
2020-3-23,270,3331
2020-3-23,270,3326
2020-3-23,270,3324
2020-3-23,270,3325
2020-3-23,270,3318
2020-3-23,270,3320
2020-3-23,270,3323
2020-3-23,270,3324
2020-3-23,270,3323
2020-3-23,270,3322
2020-3-23,270,3321
2020-3-23,270,3320
2020-3-23,270,3320
2020-3-23,270,3320
2020-3-23,270,3320
2020-3-23,270,3320
2020-3-23,270,3320
2020-3-23,270,3319
2020-3-23,270,3315
2020-3-23,270,3317
2020-3-23,270,3313
2020-3-23,270,3312
2020-3-23,270,3312
2020-3-23,270,3312
2020-3-23,270,3310
2020-3-23,270,3312
2020-3-23,270,3311
2020-3-23,270,3308
2020-3-23,270,3308
2020-3-23,270,3308
2020-3-23,270,3305
2020-3-23,270,3306
2020-3-23,270,3301
2020-3-23,270,3301
2020-3-23,270,3298
2020-3-23,270,3298
2020-3-23,270,3320
2020-3-23,271,3366
2020-3-23,271,3368
2020-3-23,271,3368
2020-3-23,271,3369
2020-3-23,271,3370
2020-3-23,271,3367
2020-3-23,271,3367
2020-3-23,273,3367
2020-3-23,271,3370
2020-3-23,271,3375
2020-3-23,271,3376
2020-3-23,271,3386
2020-3-23,271,3385
2020-3-23,270,3388
2020-3-23,271,3394
2020-3-23,271,3396
2020-3-23,271,3396
2020-3-23,271,3395
2020-3-23,271,3399
2020-3-23,271,3400
2020-3-23,271,3399
2020-3-23,271,3392
2020-3-23,271,3389
2020-3-23,271,3387
2020-3-23,271,3390
2020-3-23,271,3390
2020-3-23,271,3391
2020-3-23,271,3390
2020-3-23,271,3390
2020-3-23,271,3391
2020-3-23,271,3390
2020-3-23,272,3390
2020-3-23,272,3390
2020-3-23,271,3385
2020-3-23,271,3389
2020-3-23,271,3385
2020-3-23,271,3382
2020-3-23,271,3379
2020-3-23,271,3387
2020-3-23,271,3387
2020-3-23,271,3386
2020-3-23,271,3385
2020-3-23,271,3387
2020-3-23,271,3386
2020-3-23,271,3383
2020-3-23,271,3384
2020-3-23,271,3381
2020-3-23,271,3384
2020-3-23,271,3386
2020-3-23,271,3386
2020-3-23,271,3387
2020-3-23,271,3386
2020-3-23,271,3386
2020-3-23,271,3387
2020-3-23,271,3389
2020-3-23,271,3389
2020-3-23,271,3391
2020-3-23,271,3393
2020-3-23,271,3395
2020-3-23,271,3396
2020-3-23,271,3393
2020-3-23,271,3394
2020-3-23,271,3395
2020-3-23,271,3394
2020-3-23,271,3392
2020-3-23,271,3391
2020-3-23,271,3391
2020-3-23,271,3390
2020-3-23,271,3389
2020-3-23,271,3380
2020-3-23,271,3381
2020-3-23,271,3362
2020-3-23,271,3358
2020-3-23,271,3359
2020-3-23,271,3358
2020-3-23,271,3358
2020-3-23,271,3356
2020-3-23,271,3356
2020-3-23,271,3358
2020-3-23,271,3357
2020-3-23,271,3354
2020-3-23,271,3355
2020-3-23,271,3355
2020-3-23,271,3355
2020-3-23,271,3350
2020-3-23,271,3347
2020-3-23,271,3347
2020-3-23,271,3347
2020-3-23,271,3343
2020-3-23,271,3344
2020-3-23,271,3346
2020-3-23,271,3346
2020-3-23,271,3346
2020-3-23,271,3342
2020-3-23,271,3334
2020-3-23,271,3329
2020-3-23,271,3327
2020-3-23,271,3327
2020-3-23,271,3329
2020-3-23,271,3323
2020-3-23,271,3323
2020-3-23,271,3321
2020-3-23,271,3322
2020-3-23,271,3320
2020-3-23,271,3321
2020-3-23,271,3316
2020-3-23,271,3309
2020-3-23,270,3315
2020-3-23,271,3329
2020-3-23,271,3328
2020-3-23,271,3327
2020-3-23,271,3323
2020-3-23,271,3321
2020-3-23,271,3321
2020-3-23,271,3322
2020-3-23,271,3324
2020-3-23,271,3325
2020-3-23,271,3324
2020-3-23,271,3325
2020-3-23,271,3322
2020-3-23,271,3321
2020-3-23,271,3319
2020-3-23,271,3319
2020-3-23,271,3318
2020-3-23,271,3324
2020-3-23,271,3324
2020-3-23,271,3322
2020-3-23,271,3322
2020-3-23,271,3322
2020-3-23,271,3323
2020-3-23,271,3326
2020-3-23,271,3325
2020-3-23,271,3325
2020-3-23,271,3326
2020-3-23,271,3324
2020-3-23,271,3322
2020-3-23,271,3325
2020-3-23,271,3320
2020-3-23,271,3321
2020-3-23,271,3321
2020-3-23,271,3321
2020-3-23,271,3323
2020-3-23,271,3322
2020-3-23,271,3322
2020-3-23,271,3324
2020-3-23,271,3324
2020-3-23,271,3325
2020-3-23,271,3323
2020-3-23,271,3319
2020-3-23,271,3320
2020-3-23,271,3320
2020-3-23,271,3322
2020-3-23,271,3321
2020-3-23,271,3321
2020-3-23,271,3320
2020-3-23,271,3321
2020-3-23,271,3317
2020-3-23,271,3319
2020-3-23,271,3320
2020-3-23,271,3321
2020-3-23,271,3321
2020-3-23,271,3318
2020-3-23,271,3315
2020-3-23,271,3316
2020-3-23,271,3313
2020-3-23,271,3312
2020-3-23,271,3311
2020-3-23,271,3308
2020-3-23,271,3306
2020-3-23,271,3307
2020-3-23,271,3306
2020-3-23,271,3307
2020-3-23,271,3310
2020-3-23,271,3313
2020-3-23,271,3310
2020-3-23,271,3311
2020-3-23,271,3307
2020-3-23,271,3303
2020-3-23,272,3302
2020-3-23,271,3305
2020-3-23,271,3304
2020-3-23,271,3305
2020-3-23,271,3304
2020-3-23,271,3305
2020-3-23,271,3306
2020-3-23,271,3307
2020-3-23,271,3308
2020-3-23,271,3308
2020-3-23,271,3311
2020-3-23,271,3310
2020-3-23,271,3309
2020-3-23,271,3309
2020-3-23,271,3308
2020-3-23,271,3311
2020-3-23,271,3312
2020-3-23,271,3313
2020-3-23,271,3312
2020-3-23,271,3313
2020-3-23,271,3315
2020-3-23,271,3308
2020-3-23,271,3310
2020-3-23,271,3308
2020-3-23,271,3303
2020-3-23,270,3310
2020-3-23,271,3317
2020-3-23,271,3315
2020-3-23,271,3314
2020-3-23,271,3317
2020-3-23,271,3316
2020-3-23,271,3319
2020-3-23,271,3322
2020-3-23,271,3322
2020-3-23,271,3322
2020-3-23,271,3322
2020-3-23,271,3324
2020-3-23,271,3325
2020-3-23,271,3325
2020-3-23,271,3326
2020-3-23,271,3323
2020-3-23,271,3322
2020-3-23,271,3322
2020-3-23,271,3320
2020-3-23,271,3320
2020-3-23,271,3320
2020-3-23,271,3321
2020-3-23,271,3319
2020-3-23,271,3316
2020-3-23,271,3313
2020-3-23,271,3313
2020-3-23,271,3311
2020-3-23,271,3311
2020-3-23,271,3312
2020-3-23,271,3312
2020-3-23,271,3312
2020-3-23,270,3313
2020-3-23,270,3315
2020-3-23,270,3317
2020-3-23,270,3318
2020-3-23,270,3320
2020-3-23,270,3319
2020-3-23,270,3319
2020-3-23,270,3318
2020-3-23,272,3322
2020-3-23,270,3319
2020-3-23,270,3320
2020-3-23,270,3321
2020-3-23,270,3322
2020-3-23,270,3317
2020-3-23,270,3315
2020-3-23,270,3314
2020-3-23,270,3313
2020-3-23,270,3315
2020-3-23,270,3314
2020-3-23,270,3311
2020-3-23,270,3312
2020-3-23,270,3311
2020-3-23,270,3308
2020-3-23,270,3307
2020-3-23,270,3307
2020-3-23,270,3306
2020-3-23,270,3306
2020-3-23,270,3302
2020-3-23,270,3305
2020-3-23,270,3305
2020-3-23,270,3307
2020-3-23,270,3309
2020-3-23,270,3306
2020-3-23,271,3304
2020-3-23,270,3303
2020-3-23,270,3301
2020-3-23,270,3302
2020-3-23,270,3302
2020-3-23,270,3294
2020-3-23,270,3291
2020-3-23,270,3292
2020-3-23,270,3291
2020-3-23,270,3290
2020-3-23,270,3291
2020-3-23,270,3293
2020-3-23,270,3293
2020-3-23,270,3291
2020-3-23,270,3292
2020-3-23,270,3290
2020-3-23,270,3293
2020-3-23,270,3295
2020-3-23,270,3295
2020-3-23,270,3294
2020-3-23,270,3292
2020-3-23,270,3296
2020-3-23,270,3296
2020-3-23,270,3298
2020-3-23,270,3297
2020-3-23,270,3297
2020-3-23,270,3299
2020-3-23,270,3298
2020-3-23,270,3295
2020-3-23,270,3291
2020-3-23,270,3290
2020-3-23,270,3293
2020-3-23,269,3301
2020-3-23,270,3310
2020-3-23,270,3309
2020-3-23,270,3311
2020-3-23,270,3311
2020-3-23,270,3310
2020-3-23,270,3307
2020-3-23,270,3305
2020-3-23,270,3304
2020-3-23,270,3306
2020-3-23,270,3307
2020-3-23,270,3309
2020-3-23,270,3307
2020-3-23,270,3320
2020-3-23,270,3322
2020-3-23,270,3322
2020-3-23,270,3322
2020-3-23,270,3320
2020-3-23,270,3321
2020-3-23,270,3318
2020-3-23,270,3317
2020-3-23,270,3316
2020-3-23,270,3316
2020-3-23,270,3318
2020-3-23,270,3314
2020-3-23,270,3314
2020-3-23,270,3315
2020-3-23,270,3317
2020-3-23,270,3317
2020-3-23,270,3316
2020-3-23,270,3316
2020-3-23,270,3324
2020-3-23,270,3328
2020-3-23,270,3357
2020-3-23,270,3360
2020-3-23,270,3360
2020-3-23,270,3360
2020-3-23,270,3360
2020-3-23,270,3361
2020-3-23,270,3358
2020-3-23,270,3357
2020-3-23,270,3357
2020-3-23,270,3359
2020-3-23,270,3359
2020-3-23,270,3357
2020-3-23,270,3360
2020-3-23,270,3360
2020-3-23,270,3353
2020-3-23,269,3353
2020-3-23,270,3366
2020-3-23,276,3367
2020-3-23,270,3366
2020-3-23,270,3366
2020-3-23,270,3369
2020-3-23,270,3370
2020-3-23,270,3371
2020-3-23,270,3371
2020-3-23,270,3373
2020-3-23,270,3374
2020-3-23,270,3372
2020-3-23,270,3370
2020-3-23,270,3370
2020-3-23,270,3370
2020-3-23,270,3368
2020-3-23,270,3370
2020-3-23,270,3373
2020-3-23,270,3372
2020-3-23,270,3371
2020-3-23,270,3369
2020-3-23,270,3371
2020-3-23,270,3371
2020-3-23,270,3371
2020-3-23,270,3374
2020-3-23,270,3375
2020-3-23,270,3377
2020-3-23,270,3376
2020-3-23,270,3377
2020-3-23,270,3377
2020-3-23,270,3377
2020-3-23,270,3369
2020-3-23,270,3363
2020-3-23,270,3362
2020-3-23,270,3360
2020-3-23,270,3360
2020-3-23,270,3360
2020-3-23,270,3347
2020-3-23,270,3348
2020-3-23,270,3346
2020-3-23,270,3347
2020-3-23,270,3348
2020-3-23,270,3347
2020-3-23,270,3347
2020-3-23,270,3346
2020-3-23,270,3346
2020-3-23,270,3341
2020-3-23,269,3340
2020-3-23,270,3343
2020-3-23,269,3342
2020-3-23,270,3351
2020-3-23,270,3351
2020-3-23,270,3351
2020-3-23,270,3345
2020-3-23,270,3345
2020-3-23,270,3339
2020-3-23,270,3342
2020-3-23,270,3337
2020-3-23,270,3338
2020-3-23,270,3337
2020-3-23,270,3339
2020-3-23,270,3341
2020-3-23,270,3335
2020-3-23,270,3333
2020-3-23,270,3331
2020-3-23,270,3332
2020-3-23,270,3331
2020-3-23,270,3331
2020-3-23,270,3327
2020-3-23,270,3325
2020-3-23,270,3322
2020-3-23,270,3320
2020-3-23,270,3324
2020-3-23,270,3324
2020-3-23,270,3324
2020-3-23,270,3323
2020-3-23,270,3322
2020-3-23,270,3323
2020-3-23,270,3325
2020-3-23,270,3322
2020-3-23,270,3318
2020-3-23,270,3318
2020-3-23,270,3319
2020-3-23,270,3321
2020-3-23,270,3322
2020-3-23,270,3322
2020-3-23,270,3317
2020-3-23,270,3287
2020-3-23,270,3283
2020-3-23,270,3282
2020-3-23,270,3277
2020-3-23,270,3282
2020-3-23,270,3284
2020-3-23,270,3284
2020-3-23,270,3284
2020-3-23,270,3283
2020-3-23,270,3279
2020-3-23,270,3278
2020-3-23,270,3278
2020-3-23,270,3282
2020-3-23,270,3284
2020-3-23,270,3282
2020-3-23,270,3283
2020-3-23,270,3284
2020-3-23,270,3283
2020-3-23,270,3285
2020-3-23,270,3285
2020-3-23,270,3286
2020-3-23,270,3282
2020-3-23,270,3279
2020-3-23,270,3276
2020-3-23,270,3272
2020-3-23,270,3270
2020-3-23,270,3269
2020-3-23,270,3270
2020-3-23,270,3270
2020-3-23,270,3267
2020-3-23,270,3265
2020-3-23,270,3264
2020-3-23,270,3268
2020-3-23,270,3269
2020-3-23,270,3263
2020-3-23,270,3265
2020-3-23,270,3265
2020-3-23,270,3267
2020-3-23,270,3269
2020-3-23,270,3268
2020-3-23,270,3270
2020-3-23,270,3270
2020-3-23,270,3273
2020-3-23,270,3273
2020-3-23,270,3275
2020-3-23,270,3274
2020-3-23,270,3274
2020-3-23,270,3276
2020-3-23,270,3277
2020-3-23,270,3275
2020-3-23,270,3268
2020-3-23,270,3267
2020-3-23,270,3267
2020-3-23,270,3267
2020-3-23,270,3266
2020-3-23,270,3266
2020-3-23,270,3268
2020-3-23,269,3273
2020-3-23,270,3279
2020-3-23,270,3276
2020-3-23,270,3274
2020-3-23,270,3275
2020-3-23,270,3274
2020-3-23,270,3272
2020-3-23,270,3272
2020-3-23,270,3274
2020-3-23,270,3275
2020-3-23,270,3275
2020-3-23,270,3276
2020-3-23,271,3276
2020-3-23,270,3274
2020-3-23,270,3272
2020-3-23,270,3270
2020-3-23,270,3269
2020-3-23,270,3268
2020-3-23,270,3268
2020-3-23,270,3269
2020-3-23,270,3266
2020-3-23,270,3267
2020-3-23,270,3265
2020-3-23,270,3267
2020-3-23,270,3265
2020-3-23,270,3259
2020-3-23,270,3259
2020-3-23,270,3259
2020-3-23,270,3264
2020-3-23,270,3264
2020-3-23,270,3266
2020-3-23,270,3267
2020-3-23,270,3265
2020-3-23,270,3266
2020-3-23,270,3265
2020-3-23,270,3267
2020-3-23,270,3266
2020-3-23,270,3266
2020-3-23,270,3267
2020-3-23,270,3270
2020-3-23,270,3271
2020-3-23,270,3271
2020-3-23,270,3272
2020-3-23,270,3276
2020-3-23,270,3279
2020-3-23,270,3278
2020-3-23,270,3290
2020-3-23,270,3305
2020-3-23,270,3303
2020-3-23,270,3303
2020-3-23,270,3303
2020-3-23,270,3301
2020-3-23,270,3304
2020-3-23,270,3307
2020-3-23,270,3316
2020-3-23,274,3336
2020-3-23,274,3341
2020-3-23,274,3344
2020-3-23,275,3341
2020-3-23,272,3324
2020-3-23,270,3340
2020-3-23,273,3358
2020-3-23,273,3355
2020-3-23,271,3363
2020-3-23,271,3355
2020-3-23,270,3356
2020-3-23,270,3354
2020-3-23,270,3363
2020-3-23,271,3385
2020-3-23,272,3391
2020-3-23,272,3389
2020-3-23,272,3387
2020-3-23,272,3389
2020-3-23,272,3383
2020-3-23,271,3386
2020-3-23,272,3390
2020-3-23,272,3388
2020-3-23,272,3383
2020-3-23,271,3381
2020-3-23,271,3383
2020-3-23,272,3390
2020-3-23,272,3391
2020-3-23,272,3391
2020-3-23,272,3390
2020-3-23,272,3388
2020-3-23,272,3382
2020-3-23,272,3383
2020-3-23,272,3383
2020-3-23,272,3382
2020-3-23,272,3383
2020-3-23,272,3377
2020-3-23,272,3378
2020-3-23,271,3376
2020-3-23,272,3382
2020-3-23,272,3389
2020-3-23,272,3390
2020-3-23,272,3389
2020-3-23,272,3389
2020-3-23,272,3379
2020-3-23,271,3373
2020-3-23,272,3378
2020-3-23,272,3368
2020-3-23,271,3382
2020-3-23,275,3407
2020-3-23,277,3431
2020-3-23,276,3435
2020-3-23,276,3434
2020-3-23,276,3433
2020-3-23,276,3431
2020-3-23,276,3431
2020-3-23,276,3431
2020-3-23,276,3428
2020-3-23,276,3428
2020-3-23,276,3429
2020-3-23,276,3432
2020-3-23,276,3421
2020-3-23,275,3420
2020-3-23,276,3433
2020-3-23,276,3433
2020-3-23,276,3427
2020-3-23,276,3428
2020-3-23,276,3428
2020-3-23,276,3427
2020-3-23,276,3427
2020-3-23,276,3419
2020-3-23,276,3415
2020-3-23,276,3413
2020-3-23,276,3414
2020-3-23,276,3413
2020-3-23,276,3410
2020-3-23,276,3411
2020-3-23,276,3412
2020-3-23,276,3411
2020-3-23,276,3412
2020-3-23,276,3401
2020-3-23,275,3402
2020-3-23,275,3402
2020-3-23,275,3400
2020-3-23,275,3395
2020-3-23,275,3389
2020-3-23,275,3388
2020-3-23,275,3387
2020-3-23,275,3387
2020-3-23,275,3389
2020-3-23,275,3389
2020-3-23,275,3385
2020-3-23,275,3383
2020-3-23,275,3381
2020-3-23,275,3379
2020-3-23,275,3365
2020-3-23,274,3368
2020-3-23,274,3365
2020-3-23,274,3365
2020-3-23,274,3365
2020-3-23,274,3366
2020-3-23,274,3366
2020-3-23,274,3366
2020-3-23,274,3363
2020-3-23,274,3363
2020-3-23,274,3363
2020-3-23,274,3363
2020-3-23,274,3363
2020-3-23,274,3362
2020-3-23,274,3363
2020-3-23,274,3364
2020-3-23,274,3364
2020-3-23,274,3356
2020-3-23,274,3351
2020-3-23,274,3353
2020-3-23,274,3352
2020-3-23,274,3345
2020-3-23,274,3339
2020-3-23,274,3332
2020-3-23,273,3333
2020-3-23,273,3333
2020-3-23,273,3326
2020-3-23,273,3322
2020-3-23,273,3321
2020-3-23,273,3321
2020-3-23,273,3318
2020-3-23,272,3316
2020-3-23,272,3311
2020-3-23,272,3311
2020-3-23,272,3313
2020-3-23,272,3308
2020-3-23,271,3311
2020-3-23,272,3318
2020-3-23,272,3319
2020-3-23,272,3321
2020-3-23,272,3321
2020-3-23,272,3326
2020-3-23,272,3324
2020-3-23,272,3323
2020-3-23,272,3322
2020-3-23,272,3320
2020-3-23,272,3317
2020-3-23,272,3318
2020-3-23,272,3318
2020-3-23,272,3317
2020-3-23,272,3317
2020-3-23,272,3319
2020-3-23,272,3320
2020-3-23,272,3319
2020-3-23,272,3317
2020-3-23,272,3317
2020-3-23,272,3316
2020-3-23,272,3312
2020-3-23,272,3312
2020-3-23,272,3311
2020-3-23,272,3309
2020-3-23,272,3312
2020-3-23,272,3320
2020-3-23,272,3321
2020-3-23,272,3323
2020-3-23,272,3324
2020-3-23,272,3323
2020-3-23,272,3328
2020-3-23,273,3332
2020-3-23,272,3332
2020-3-23,272,3333
2020-3-23,272,3330
2020-3-23,272,3333
2020-3-23,272,3333
2020-3-23,272,3329
2020-3-23,272,3329
2020-3-23,272,3312
2020-3-23,272,3311
2020-3-23,272,3311
2020-3-23,272,3309
2020-3-23,272,3307
2020-3-23,272,3305
2020-3-23,272,3305
2020-3-23,272,3304
2020-3-23,272,3304
2020-3-23,272,3304
2020-3-23,272,3303
2020-3-23,272,3303
2020-3-23,272,3300
2020-3-23,272,3299
2020-3-23,272,3309
2020-3-23,272,3311
2020-3-23,273,3309
2020-3-23,272,3307
2020-3-23,272,3307
2020-3-23,272,3306
2020-3-23,272,3305
2020-3-23,272,3301
2020-3-23,272,3302
2020-3-23,272,3302
2020-3-23,272,3291
2020-3-23,272,3289
2020-3-23,272,3289
2020-3-23,272,3289
2020-3-23,272,3289
2020-3-23,272,3288
2020-3-23,272,3287
2020-3-23,272,3290
2020-3-23,272,3293
2020-3-23,272,3290
2020-3-23,272,3289
2020-3-23,272,3288
2020-3-23,272,3289
2020-3-23,272,3291
2020-3-23,272,3290
2020-3-23,272,3294
2020-3-23,272,3293
2020-3-23,272,3293
2020-3-23,272,3294
2020-3-23,272,3296
2020-3-23,272,3295
2020-3-23,272,3295
2020-3-23,272,3305
2020-3-23,273,3344
2020-3-23,273,3344
2020-3-23,273,3346
2020-3-23,273,3347
2020-3-23,273,3346
2020-3-23,273,3345
2020-3-23,273,3345
2020-3-23,273,3334
2020-3-23,272,3340
2020-3-23,273,3350
2020-3-23,273,3348
2020-3-23,273,3344
2020-3-23,273,3346
2020-3-23,273,3346
2020-3-23,273,3344
2020-3-23,273,3345
2020-3-23,273,3343
2020-3-23,273,3342
2020-3-23,273,3341
2020-3-23,273,3342
2020-3-23,273,3344
2020-3-23,273,3342
2020-3-23,273,3341
2020-3-23,273,3336
2020-3-23,273,3334
2020-3-23,273,3333
2020-3-23,273,3334
2020-3-23,273,3335
2020-3-23,273,3333
2020-3-23,273,3336
2020-3-23,273,3338
2020-3-23,273,3335
2020-3-23,273,3339
2020-3-23,273,3341
2020-3-23,273,3340
2020-3-23,273,3340
2020-3-23,273,3332
2020-3-23,273,3334
2020-3-23,273,3336
2020-3-23,273,3338
2020-3-23,273,3339
2020-3-23,273,3338
2020-3-23,273,3339
2020-3-23,273,3340
2020-3-23,273,3340
2020-3-23,273,3337
2020-3-23,274,3349
2020-3-23,275,3362
2020-3-23,275,3354
2020-3-23,275,3355
2020-3-23,275,3356
2020-3-23,275,3369
2020-3-23,275,3372
2020-3-23,275,3373
2020-3-23,275,3369
2020-3-23,275,3367
2020-3-23,275,3368
2020-3-23,275,3370
2020-3-23,275,3368
2020-3-23,275,3369
2020-3-23,275,3363
2020-3-23,275,3361
2020-3-23,274,3341
2020-3-23,273,3340
2020-3-23,273,3341
2020-3-23,272,3346
2020-3-23,272,3350
2020-3-23,272,3350
2020-3-23,272,3351
2020-3-23,272,3354
2020-3-23,272,3352
2020-3-23,272,3351
2020-3-23,272,3352
2020-3-23,272,3353
2020-3-23,272,3353
2020-3-23,272,3353
2020-3-23,272,3352
2020-3-23,272,3347
2020-3-23,272,3347
2020-3-23,272,3348
2020-3-23,272,3346
2020-3-23,272,3339
2020-3-23,272,3339
2020-3-23,272,3340
2020-3-23,272,3338
2020-3-23,272,3338
2020-3-23,272,3337
2020-3-23,272,3337
2020-3-23,272,3335
2020-3-23,272,3336
2020-3-23,272,3322
2020-3-23,272,3322
2020-3-23,272,3322
2020-3-23,272,3322
2020-3-23,272,3322
2020-3-23,272,3320
2020-3-23,272,3320
2020-3-23,272,3320
2020-3-23,272,3318
2020-3-23,272,3319
2020-3-23,272,3319
2020-3-23,272,3314
2020-3-23,271,3317
2020-3-23,272,3325
2020-3-23,272,3324
2020-3-23,272,3324
2020-3-23,272,3323
2020-3-23,272,3323
2020-3-23,272,3320
2020-3-23,272,3324
2020-3-23,272,3327
2020-3-23,272,3326
2020-3-23,272,3330
2020-3-23,272,3331
2020-3-23,272,3330
2020-3-23,272,3329
2020-3-23,272,3330
2020-3-23,272,3331
2020-3-23,272,3324
2020-3-23,272,3326
2020-3-23,272,3325
2020-3-23,272,3326
2020-3-23,272,3325
2020-3-23,272,3326
2020-3-23,272,3325
2020-3-23,272,3328
2020-3-23,272,3328
2020-3-23,272,3329
2020-3-23,272,3327
2020-3-23,272,3329
2020-3-23,272,3327
2020-3-23,272,3327
2020-3-23,272,3328
2020-3-23,272,3327
2020-3-23,272,3328
2020-3-23,272,3329
2020-3-23,272,3327
2020-3-23,272,3325
2020-3-23,272,3320
2020-3-23,272,3317
2020-3-23,272,3316
2020-3-23,272,3316
2020-3-23,272,3316
2020-3-23,272,3317
2020-3-23,272,3317
2020-3-23,272,3318
2020-3-23,272,3315
2020-3-23,272,3314
2020-3-23,272,3312
2020-3-23,272,3313
2020-3-23,272,3313
2020-3-23,272,3313
2020-3-23,272,3313
2020-3-23,272,3314
2020-3-23,272,3314
2020-3-23,272,3315
2020-3-23,272,3311
2020-3-23,272,3310
2020-3-23,272,3308
2020-3-23,272,3310
2020-3-23,272,3305
2020-3-23,272,3304
2020-3-23,272,3303
2020-3-23,272,3302
2020-3-23,272,3302
2020-3-23,272,3300
2020-3-23,272,3298
2020-3-23,272,3300
2020-3-23,272,3301
2020-3-23,272,3301
2020-3-23,272,3302
2020-3-23,272,3298
2020-3-23,272,3298
2020-3-23,272,3301
2020-3-23,272,3301
2020-3-23,272,3301
2020-3-23,272,3300
2020-3-23,272,3302
2020-3-23,272,3302
2020-3-23,272,3302
2020-3-23,273,3305
2020-3-23,272,3307
2020-3-23,272,3307
2020-3-23,272,3307
2020-3-23,272,3308
2020-3-23,272,3307
2020-3-23,272,3303
2020-3-23,272,3302
2020-3-23,272,3302
2020-3-23,272,3302
2020-3-23,272,3303
2020-3-23,272,3303
2020-3-23,272,3302
2020-3-23,272,3299
2020-3-23,272,3298
2020-3-23,272,3298
2020-3-23,272,3295
2020-3-23,272,3292
2020-3-23,271,3295
2020-3-23,272,3302
2020-3-23,272,3302
2020-3-23,272,3300
2020-3-23,272,3299
2020-3-23,273,3302
2020-3-23,273,3302
2020-3-23,272,3300
2020-3-23,272,3300
2020-3-23,272,3302
2020-3-23,272,3303
2020-3-23,272,3298
2020-3-23,272,3300
2020-3-23,272,3298
2020-3-23,272,3297
2020-3-23,272,3290
2020-3-23,272,3293
2020-3-23,272,3298
2020-3-23,272,3298
2020-3-23,272,3297
2020-3-23,272,3296
2020-3-23,272,3306
2020-3-23,272,3305
2020-3-23,272,3307
2020-3-23,272,3305
2020-3-23,272,3302
2020-3-23,272,3302
2020-3-23,272,3301
2020-3-23,272,3301
2020-3-23,272,3303
2020-3-23,272,3302
2020-3-23,272,3298
2020-3-23,272,3297
2020-3-23,272,3300
2020-3-23,272,3301
2020-3-23,272,3302
2020-3-23,272,3301
2020-3-23,271,3306
2020-3-23,271,3306
2020-3-23,271,3304
2020-3-23,271,3304
2020-3-23,271,3306
2020-3-23,271,3304
2020-3-23,271,3302
2020-3-23,271,3302
2020-3-23,271,3300
2020-3-23,271,3299
2020-3-23,271,3299
2020-3-23,271,3297
2020-3-23,271,3297
2020-3-23,271,3297
2020-3-23,271,3296
2020-3-23,271,3298
2020-3-23,271,3298
2020-3-23,271,3296
2020-3-23,271,3296
2020-3-23,271,3295
2020-3-23,271,3294
2020-3-23,271,3295
2020-3-23,271,3296
2020-3-23,271,3295
2020-3-23,271,3293
2020-3-23,271,3293
2020-3-23,271,3292
2020-3-23,271,3289
2020-3-23,271,3287
2020-3-23,271,3288
2020-3-23,271,3288
2020-3-23,271,3286
2020-3-23,271,3286
2020-3-23,271,3286
2020-3-23,271,3285
2020-3-23,271,3286
2020-3-23,271,3286
2020-3-23,271,3285
2020-3-23,271,3283
2020-3-23,271,3285
2020-3-23,271,3286
2020-3-23,271,3287
2020-3-23,271,3287
2020-3-23,271,3288
2020-3-23,271,3287
2020-3-23,271,3286
2020-3-23,271,3287
2020-3-23,271,3288
2020-3-23,271,3288
2020-3-23,271,3286
2020-3-23,271,3287
2020-3-23,271,3291
2020-3-23,271,3292
2020-3-23,271,3291
2020-3-23,271,3287
2020-3-23,271,3287
2020-3-23,271,3289
2020-3-23,271,3291
2020-3-23,271,3290
2020-3-23,271,3286
2020-3-23,270,3286
2020-3-23,271,3297
2020-3-23,271,3299
2020-3-23,271,3298
2020-3-23,271,3296
2020-3-23,271,3294
2020-3-23,271,3295
2020-3-23,271,3289
2020-3-23,271,3290
2020-3-23,271,3301
2020-3-23,271,3301
2020-3-23,271,3305
2020-3-23,271,3306
2020-3-23,271,3312
2020-3-23,271,3312
2020-3-23,271,3312
2020-3-23,271,3317
2020-3-23,271,3318
2020-3-23,271,3317
2020-3-23,271,3317
2020-3-23,271,3320
2020-3-23,271,3318
2020-3-23,271,3317
2020-3-23,271,3316
2020-3-23,271,3311
2020-3-23,271,3309
2020-3-23,271,3307
2020-3-23,271,3307
2020-3-23,271,3303
2020-3-23,271,3301
2020-3-23,271,3301
2020-3-23,271,3301
2020-3-23,271,3299
2020-3-23,271,3300
2020-3-23,271,3301
2020-3-23,271,3303
2020-3-23,271,3301
2020-3-23,271,3303
2020-3-23,271,3303
2020-3-23,271,3302
2020-3-23,271,3301
2020-3-23,271,3300
2020-3-23,271,3301
2020-3-23,271,3299
2020-3-23,271,3301
2020-3-23,271,3300
2020-3-23,271,3298
2020-3-23,271,3298
2020-3-23,271,3297
2020-3-23,271,3298
2020-3-23,271,3297
2020-3-23,271,3298
2020-3-23,271,3296
2020-3-23,271,3295
2020-3-23,271,3294
2020-3-23,271,3294
2020-3-23,271,3297
2020-3-23,271,3297
2020-3-23,271,3295
2020-3-23,271,3295
2020-3-23,271,3296
2020-3-23,271,3294
2020-3-23,271,3295
2020-3-23,271,3296
2020-3-23,271,3296
2020-3-23,271,3294
2020-3-23,271,3295
2020-3-23,271,3297
2020-3-23,271,3300
2020-3-23,271,3299
2020-3-23,271,3298
2020-3-23,271,3298
2020-3-23,271,3297
2020-3-23,271,3303
2020-3-23,271,3302
2020-3-23,271,3302
2020-3-23,271,3302
2020-3-23,271,3301
2020-3-23,271,3302
2020-3-23,271,3299
2020-3-23,271,3297
2020-3-23,271,3297
2020-3-23,271,3293
2020-3-23,271,3291
2020-3-23,271,3290
2020-3-23,271,3287
2020-3-23,271,3288
2020-3-23,271,3289
2020-3-23,271,3288
2020-3-23,271,3285
2020-3-23,271,3284
2020-3-23,271,3281
2020-3-23,271,3283
2020-3-23,271,3283
2020-3-23,271,3281
2020-3-23,271,3280
2020-3-23,271,3277
2020-3-23,270,3278
2020-3-23,271,3284
2020-3-23,271,3287
2020-3-23,271,3287
2020-3-23,271,3282
2020-3-23,271,3283
2020-3-23,271,3286
2020-3-23,271,3286
2020-3-23,271,3284
2020-3-23,271,3284
2020-3-23,271,3285
2020-3-23,271,3285
2020-3-23,271,3284
2020-3-23,271,3285
2020-3-23,271,3283
2020-3-23,271,3272
2020-3-23,271,3271
2020-3-23,271,3268
2020-3-23,271,3269
2020-3-23,271,3273
2020-3-23,271,3278
2020-3-23,271,3280
2020-3-23,271,3280
2020-3-23,271,3278
2020-3-23,271,3279
2020-3-23,271,3285
2020-3-23,271,3288
2020-3-23,271,3291
2020-3-23,271,3292
2020-3-23,271,3292
2020-3-23,271,3292
2020-3-23,271,3292
2020-3-23,271,3291
2020-3-23,271,3291
2020-3-23,271,3291
2020-3-23,271,3290
2020-3-23,271,3289
2020-3-23,271,3288
2020-3-23,271,3288
2020-3-23,271,3288
2020-3-23,271,3286
2020-3-23,271,3283
2020-3-23,271,3282
2020-3-23,271,3283
2020-3-23,271,3284
2020-3-23,271,3284
2020-3-23,271,3283
2020-3-23,271,3283
2020-3-23,271,3283
2020-3-23,271,3283
2020-3-23,271,3281
2020-3-23,272,3281
2020-3-23,271,3282
2020-3-23,271,3283
2020-3-23,271,3280
2020-3-23,271,3283
2020-3-23,271,3282
2020-3-23,271,3283
2020-3-23,271,3285
2020-3-23,271,3283
2020-3-23,271,3283
2020-3-23,271,3286
2020-3-23,271,3287
2020-3-23,271,3286
2020-3-23,271,3286
2020-3-23,271,3285
2020-3-23,271,3285
2020-3-23,271,3288
2020-3-23,271,3287
2020-3-23,271,3287
2020-3-23,271,3287
2020-3-23,271,3284
2020-3-23,271,3285
2020-3-23,271,3286
2020-3-23,271,3288
2020-3-23,271,3287
2020-3-23,271,3285
2020-3-23,271,3289
2020-3-23,271,3289
2020-3-23,271,3289
2020-3-23,271,3288
2020-3-23,271,3288
2020-3-23,271,3288
2020-3-23,271,3288
2020-3-23,271,3284
2020-3-23,271,3282
2020-3-23,271,3285
2020-3-23,271,3287
2020-3-23,271,3289
2020-3-23,271,3286
2020-3-23,271,3283
2020-3-23,271,3284
2020-3-23,271,3284
2020-3-23,271,3284
2020-3-23,271,3280
2020-3-23,271,3280
2020-3-23,271,3279
2020-3-23,271,3274
2020-3-23,270,3274
2020-3-23,271,3278
2020-3-23,271,3278
2020-3-23,271,3274
2020-3-23,271,3274
2020-3-23,271,3278
2020-3-23,271,3277
2020-3-23,271,3277
2020-3-23,271,3276
2020-3-23,271,3276
2020-3-23,271,3276
2020-3-23,271,3277
2020-3-23,271,3278
2020-3-23,271,3276
2020-3-23,271,3276
2020-3-23,271,3275
2020-3-23,271,3275
2020-3-23,271,3277
2020-3-23,271,3277
2020-3-23,271,3276
2020-3-23,271,3274
2020-3-23,271,3274
2020-3-23,271,3277
2020-3-23,271,3278
2020-3-23,271,3276
2020-3-23,271,3280
2020-3-23,271,3278
2020-3-23,271,3276
2020-3-23,271,3277
2020-3-23,271,3279
2020-3-23,271,3278
2020-3-23,271,3279
2020-3-23,271,3283
2020-3-23,271,3293
2020-3-23,271,3298
2020-3-23,271,3298
2020-3-23,271,3302
2020-3-23,277,3307
2020-3-23,271,3305
2020-3-23,271,3304
2020-3-23,271,3304
2020-3-23,271,3305
2020-3-23,271,3309
2020-3-23,271,3313
2020-3-23,271,3311
2020-3-23,271,3311
2020-3-23,271,3310
2020-3-23,271,3311
2020-3-23,271,3311
2020-3-23,271,3355
2020-3-23,274,3406
2020-3-23,275,3422
2020-3-23,276,3438
2020-3-23,276,3438
2020-3-23,276,3440
2020-3-23,276,3441
2020-3-23,276,3443
2020-3-23,277,3449
2020-3-23,277,3450
2020-3-23,277,3448
2020-3-23,277,3450
2020-3-23,277,3453
2020-3-23,277,3450
2020-3-23,277,3451
2020-3-23,277,3453
2020-3-23,277,3453
2020-3-23,277,3453
2020-3-23,277,3451
2020-3-23,277,3451
2020-3-23,277,3449
2020-3-23,277,3448
2020-3-23,277,3443
2020-3-23,277,3448
2020-3-23,277,3446
2020-3-23,277,3444
2020-3-23,277,3441
2020-3-23,277,3439
2020-3-23,277,3440
2020-3-23,277,3438
2020-3-23,277,3435
2020-3-23,277,3435
2020-3-23,277,3434
2020-3-23,277,3427
2020-3-23,277,3426
2020-3-23,277,3426
2020-3-23,277,3424
2020-3-23,277,3423
2020-3-23,277,3423
2020-3-23,277,3423
2020-3-23,277,3425
2020-3-23,277,3428
2020-3-23,277,3428
2020-3-23,277,3427
2020-3-23,277,3425
2020-3-23,276,3422
2020-3-23,277,3422
2020-3-23,277,3423
2020-3-23,277,3420
2020-3-23,277,3425
2020-3-23,277,3424
2020-3-23,277,3417
2020-3-23,277,3415
2020-3-23,277,3405
2020-3-23,276,3407
2020-3-23,276,3404
2020-3-23,276,3400
2020-3-23,276,3399
2020-3-23,276,3400
2020-3-23,276,3400
2020-3-23,276,3402
2020-3-23,276,3403
2020-3-23,276,3403
2020-3-23,276,3403
2020-3-23,276,3403
2020-3-23,276,3399
2020-3-23,276,3397
2020-3-23,276,3393
2020-3-23,276,3389
2020-3-23,276,3376
2020-3-23,276,3373
2020-3-23,276,3371
2020-3-23,276,3374
2020-3-23,276,3370
2020-3-23,276,3369
2020-3-23,276,3369
2020-3-23,276,3359
2020-3-23,275,3353
2020-3-23,275,3354
2020-3-23,275,3354
2020-3-23,275,3346
2020-3-23,275,3350
2020-3-23,275,3351
2020-3-23,275,3352
2020-3-23,275,3353
2020-3-23,275,3349
2020-3-23,275,3349
2020-3-23,275,3349
2020-3-23,275,3345
2020-3-23,275,3344
2020-3-23,275,3345
2020-3-23,275,3343
2020-3-23,275,3335
2020-3-23,275,3334
2020-3-23,275,3335
2020-3-23,275,3324
2020-3-23,275,3322
2020-3-23,275,3320
2020-3-23,275,3319
2020-3-23,275,3317
2020-3-23,275,3315
2020-3-23,275,3314
2020-3-23,275,3309
2020-3-23,275,3310
2020-3-23,275,3310
2020-3-23,275,3308
2020-3-23,275,3310
2020-3-23,275,3303
2020-3-23,275,3305
2020-3-23,275,3301
2020-3-23,275,3303
2020-3-23,275,3302
2020-3-23,275,3302
2020-3-23,275,3302
2020-3-23,275,3301
2020-3-23,277,3305
2020-3-23,275,3304
2020-3-23,275,3303
2020-3-23,275,3305
2020-3-23,275,3305
2020-3-23,275,3306
2020-3-23,275,3308
2020-3-23,275,3308
2020-3-23,275,3307
2020-3-23,275,3308
2020-3-23,275,3308
2020-3-23,275,3308
2020-3-23,275,3307
2020-3-23,275,3304
2020-3-23,275,3303
2020-3-23,275,3303
2020-3-23,275,3299
2020-3-23,275,3296
2020-3-23,275,3295
2020-3-23,275,3297
2020-3-23,275,3294
2020-3-23,275,3296
2020-3-23,276,3296
2020-3-23,275,3289
2020-3-23,274,3290
2020-3-23,275,3299
2020-3-23,275,3300
2020-3-23,275,3302
2020-3-23,275,3302
2020-3-23,275,3299
2020-3-23,275,3298
2020-3-23,275,3296
2020-3-23,275,3297
2020-3-23,275,3291
2020-3-23,275,3293
2020-3-23,275,3293
2020-3-23,275,3289
2020-3-23,275,3291
2020-3-23,275,3298
2020-3-23,275,3297
2020-3-23,275,3293
2020-3-23,275,3295
2020-3-23,275,3299
2020-3-23,275,3298
2020-3-23,275,3298
2020-3-23,275,3300
2020-3-23,275,3299
2020-3-23,275,3296
2020-3-23,275,3296
2020-3-23,275,3297
2020-3-23,275,3296
2020-3-23,275,3300
2020-3-23,275,3302
2020-3-23,275,3305
2020-3-23,275,3303
2020-3-23,275,3308
2020-3-23,278,3363
2020-3-23,277,3395
2020-3-24,245,3014
2020-3-24,245,3017
2020-3-24,245,3008
2020-3-24,244,3015
2020-3-24,245,3027
2020-3-24,245,3027
2020-3-24,245,3028
2020-3-24,245,3028
2020-3-24,247,3027
2020-3-24,245,3027
2020-3-24,245,3028
2020-3-24,245,3023
2020-3-24,245,3031
2020-3-24,245,3031
2020-3-24,245,3032
2020-3-24,245,3030
2020-3-24,245,3032
2020-3-24,245,3032
2020-3-24,245,3032
2020-3-24,245,3031
2020-3-24,245,3031
2020-3-24,245,3031
2020-3-24,245,3031
2020-3-24,245,3036
2020-3-24,245,3036
2020-3-24,245,3036
2020-3-24,245,3037
2020-3-24,245,3036
2020-3-24,245,3038
2020-3-24,245,3040
2020-3-24,245,3039
2020-3-24,245,3039
2020-3-24,245,3039
2020-3-24,245,3040
2020-3-24,245,3039
2020-3-24,245,3039
2020-3-24,245,3038
2020-3-24,245,3036
2020-3-24,245,3035
2020-3-24,245,3042
2020-3-24,246,3047
2020-3-24,245,3055
2020-3-24,245,3060
2020-3-24,245,3059
2020-3-24,246,3063
2020-3-24,244,3009
2020-3-24,240,3004
2020-3-24,241,3033
2020-3-24,240,3021
2020-3-24,240,3010
2020-3-24,240,3022
2020-3-24,240,3020
2020-3-24,240,3022
2020-3-24,240,3021
2020-3-24,240,3020
2020-3-24,240,3010
2020-3-24,241,3031
2020-3-24,240,3018
2020-3-24,241,3042
2020-3-24,241,3042
2020-3-24,241,3041
2020-3-24,241,3041
2020-3-24,241,3046
2020-3-24,241,3051
2020-3-24,242,3066
2020-3-24,242,3065
2020-3-24,242,3065
2020-3-24,242,3064
2020-3-24,242,3064
2020-3-24,242,3064
2020-3-24,242,3064
2020-3-24,242,3063
2020-3-24,242,3063
2020-3-24,242,3047
2020-3-24,242,3072
2020-3-24,242,3067
2020-3-24,242,3068
2020-3-24,242,3067
2020-3-24,242,3068
2020-3-24,242,3067
2020-3-24,242,3067
2020-3-24,242,3065
2020-3-24,242,3063
2020-3-24,242,3063
2020-3-24,242,3060
2020-3-24,242,3057
2020-3-24,242,3058
2020-3-24,242,3055
2020-3-24,242,3052
2020-3-24,242,3051
2020-3-24,242,3049
2020-3-24,242,3049
2020-3-24,242,3048
2020-3-24,242,3048
2020-3-24,242,3047
2020-3-24,242,3044
2020-3-24,242,3045
2020-3-24,242,3048
2020-3-24,242,3047
2020-3-24,242,3044
2020-3-24,242,3046
2020-3-24,242,3034
2020-3-24,242,3034
2020-3-24,242,3036
2020-3-24,242,3041
2020-3-24,242,3030
2020-3-24,242,3027
2020-3-24,242,3026
2020-3-24,242,3025
2020-3-24,242,3022
2020-3-24,242,3017
2020-3-24,242,3016
2020-3-24,242,3012
2020-3-24,240,3000
2020-3-24,241,3001
2020-3-24,241,3004
2020-3-24,241,3005
2020-3-24,241,3004
2020-3-24,241,3004
2020-3-24,241,3003
2020-3-24,241,3003
2020-3-24,246,3011
2020-3-24,241,3011
2020-3-24,241,3009
2020-3-24,241,3001
2020-3-24,241,3010
2020-3-24,242,3031
2020-3-24,242,3031
2020-3-24,242,3031
2020-3-24,242,3032
2020-3-24,242,3028
2020-3-24,242,3026
2020-3-24,242,3026
2020-3-24,242,3026
2020-3-24,242,3043
2020-3-24,245,3089
2020-3-24,246,3106
2020-3-24,246,3112
2020-3-24,249,3136
2020-3-24,249,3124
2020-3-24,249,3123
2020-3-24,248,3122
2020-3-24,248,3107
2020-3-24,247,3107
2020-3-24,247,3107
2020-3-24,248,3116
2020-3-24,248,3128
2020-3-24,248,3131
2020-3-24,248,3133
2020-3-24,248,3132
2020-3-24,248,3132
2020-3-24,248,3132
2020-3-24,248,3134
2020-3-24,248,3133
2020-3-24,248,3122
2020-3-24,248,3124
2020-3-24,248,3122
2020-3-24,248,3120
2020-3-24,248,3119
2020-3-24,248,3119
2020-3-24,248,3111
2020-3-24,248,3110
2020-3-24,248,3113
2020-3-24,248,3111
2020-3-24,248,3109
2020-3-24,248,3107
2020-3-24,248,3105
2020-3-24,248,3106
2020-3-24,248,3104
2020-3-24,248,3104
2020-3-24,248,3104
2020-3-24,248,3103
2020-3-24,248,3100
2020-3-24,248,3090
2020-3-24,247,3089
2020-3-24,247,3089
2020-3-24,247,3086
2020-3-24,247,3085
2020-3-24,247,3082
2020-3-24,247,3082
2020-3-24,247,3082
2020-3-24,247,3083
2020-3-24,247,3084
2020-3-24,247,3086
2020-3-24,247,3087
2020-3-24,247,3085
2020-3-24,247,3086
2020-3-24,247,3083
2020-3-24,247,3085
2020-3-24,247,3083
2020-3-24,247,3081
2020-3-24,247,3081
2020-3-24,247,3076
2020-3-24,247,3073
2020-3-24,247,3070
2020-3-24,247,3071
2020-3-24,247,3070
2020-3-24,247,3068
2020-3-24,247,3068
2020-3-24,247,3065
2020-3-24,247,3050
2020-3-24,246,3051
2020-3-24,246,3053
2020-3-24,246,3050
2020-3-24,246,3052
2020-3-24,246,3052
2020-3-24,246,3050
2020-3-24,246,3052
2020-3-24,246,3051
2020-3-24,246,3052
2020-3-24,246,3052
2020-3-24,246,3050
2020-3-24,246,3050
2020-3-24,246,3049
2020-3-24,246,3046
2020-3-24,246,3044
2020-3-24,246,3052
2020-3-24,246,3052
2020-3-24,246,3047
2020-3-24,246,3042
2020-3-24,246,3039
2020-3-24,246,3034
2020-3-24,246,3028
2020-3-24,245,3024
2020-3-24,246,3027
2020-3-24,246,3029
2020-3-24,246,3028
2020-3-24,246,3026
2020-3-24,246,3022
2020-3-24,246,3009
2020-3-24,245,3005
2020-3-24,245,2995
2020-3-24,244,3000
2020-3-24,245,3013
2020-3-24,245,3014
2020-3-24,245,3012
2020-3-24,245,3003
2020-3-24,245,3006
2020-3-24,245,3003
2020-3-24,245,3003
2020-3-24,245,3002
2020-3-24,245,3001
2020-3-24,245,3002
2020-3-24,245,3004
2020-3-24,245,3003
2020-3-24,245,3003
2020-3-24,245,3003
2020-3-24,245,2998
2020-3-24,245,2996
2020-3-24,245,2996
2020-3-24,245,2994
2020-3-24,245,2990
2020-3-24,245,2990
2020-3-24,245,2990
2020-3-24,245,2985
2020-3-24,245,2984
2020-3-24,245,2983
2020-3-24,245,2983
2020-3-24,245,2982
2020-3-24,245,2982
2020-3-24,245,2983
2020-3-24,245,2981
2020-3-24,245,2979
2020-3-24,245,2976
2020-3-24,245,2978
2020-3-24,245,2977
2020-3-24,245,2978
2020-3-24,245,2981
2020-3-24,245,2984
2020-3-24,245,2984
2020-3-24,245,2981
2020-3-24,244,2978
2020-3-24,244,2978
2020-3-24,244,2978
2020-3-24,244,2977
2020-3-24,244,2976
2020-3-24,244,2978
2020-3-24,244,2978
2020-3-24,244,2983
2020-3-24,244,2983
2020-3-24,244,2982
2020-3-24,244,2981
2020-3-24,244,2979
2020-3-24,244,2978
2020-3-24,244,2982
2020-3-24,244,2983
2020-3-24,244,2983
2020-3-24,244,2978
2020-3-24,244,2976
2020-3-24,244,2983
2020-3-24,244,2982
2020-3-24,246,2984
2020-3-24,244,2985
2020-3-24,244,2985
2020-3-24,244,2981
2020-3-24,244,2981
2020-3-24,244,2980
2020-3-24,244,2981
2020-3-24,244,2981
2020-3-24,244,2983
2020-3-24,244,2981
2020-3-24,244,2974
2020-3-24,244,2968
2020-3-24,243,2966
2020-3-24,244,2975
2020-3-24,244,2975
2020-3-24,244,2976
2020-3-24,245,2977
2020-3-24,245,2978
2020-3-24,244,2978
2020-3-24,244,2976
2020-3-24,244,2976
2020-3-24,244,2979
2020-3-24,244,2979
2020-3-24,244,2978
2020-3-24,244,2977
2020-3-24,244,2976
2020-3-24,244,2978
2020-3-24,244,2979
2020-3-24,244,2979
2020-3-24,244,2978
2020-3-24,244,2979
2020-3-24,244,2981
2020-3-24,244,2979
2020-3-24,244,2980
2020-3-24,244,2979
2020-3-24,244,2978
2020-3-24,244,2978
2020-3-24,244,2972
2020-3-24,244,2972
2020-3-24,244,2972
2020-3-24,244,2972
2020-3-24,244,2973
2020-3-24,244,2970
2020-3-24,244,2968
2020-3-24,244,2971
2020-3-24,244,2972
2020-3-24,244,2971
2020-3-24,244,2971
2020-3-24,244,2965
2020-3-24,243,2965
2020-3-24,244,2976
2020-3-24,244,2977
2020-3-24,244,2987
2020-3-24,245,3004
2020-3-24,245,3005
2020-3-24,245,3002
2020-3-24,245,3001
2020-3-24,245,3001
2020-3-24,245,3002
2020-3-24,245,3001
2020-3-24,245,3000
2020-3-24,245,3000
2020-3-24,245,2999
2020-3-24,245,3004
2020-3-24,245,3005
2020-3-24,245,3002
2020-3-24,245,3001
2020-3-24,245,2999
2020-3-24,245,2998
2020-3-24,245,2999
2020-3-24,245,2997
2020-3-24,245,2995
2020-3-24,245,2995
2020-3-24,246,3006
2020-3-24,246,3000
2020-3-24,246,3017
2020-3-24,246,3012
2020-3-24,246,3018
2020-3-24,246,3030
2020-3-24,246,3034
2020-3-24,246,3032
2020-3-24,246,3032
2020-3-24,247,3032
2020-3-24,247,3038
2020-3-24,249,3040
2020-3-24,248,3042
2020-3-24,249,3063
2020-3-24,249,3064
2020-3-24,249,3063
2020-3-24,249,3060
2020-3-24,249,3061
2020-3-24,249,3060
2020-3-24,249,3066
2020-3-24,249,3066
2020-3-24,249,3063
2020-3-24,249,3056
2020-3-24,249,3072
2020-3-24,249,3081
2020-3-24,249,3080
2020-3-24,249,3081
2020-3-24,251,3083
2020-3-24,249,3076
2020-3-24,248,3077
2020-3-24,249,3079
2020-3-24,248,3079
2020-3-24,248,3079
2020-3-24,248,3079
2020-3-24,248,3091
2020-3-24,248,3096
2020-3-24,248,3096
2020-3-24,248,3098
2020-3-24,248,3098
2020-3-24,248,3099
2020-3-24,248,3095
2020-3-24,248,3096
2020-3-24,248,3091
2020-3-24,247,3092
2020-3-24,247,3093
2020-3-24,247,3089
2020-3-24,245,3086
2020-3-24,245,3085
2020-3-24,245,3084
2020-3-24,245,3086
2020-3-24,245,3087
2020-3-24,245,3084
2020-3-24,245,3085
2020-3-24,244,3072
2020-3-24,243,3069
2020-3-24,243,3067
2020-3-24,243,3070
2020-3-24,243,3068
2020-3-24,243,3071
2020-3-24,243,3069
2020-3-24,243,3062
2020-3-24,242,3062
2020-3-24,242,3062
2020-3-24,242,3063
2020-3-24,242,3063
2020-3-24,242,3063
2020-3-24,242,3064
2020-3-24,242,3063
2020-3-24,242,3061
2020-3-24,242,3064
2020-3-24,243,3067
2020-3-24,242,3067
2020-3-24,242,3066
2020-3-24,242,3065
2020-3-24,242,3063
2020-3-24,242,3063
2020-3-24,243,3064
2020-3-24,243,3071
2020-3-24,243,3070
2020-3-24,243,3064
2020-3-24,242,3053
2020-3-24,242,3063
2020-3-24,242,3064
2020-3-24,242,3064
2020-3-24,242,3062
2020-3-24,242,3063
2020-3-24,242,3063
2020-3-24,242,3060
2020-3-24,242,3057
2020-3-24,242,3057
2020-3-24,242,3045
2020-3-24,241,3050
2020-3-24,241,3052
2020-3-24,241,3050
2020-3-24,241,3048
2020-3-24,241,3046
2020-3-24,241,3035
2020-3-24,241,3032
2020-3-24,242,3055
2020-3-24,242,3055
2020-3-24,242,3054
2020-3-24,242,3058
2020-3-24,242,3043
2020-3-24,241,3038
2020-3-24,242,3046
2020-3-24,241,3020
2020-3-24,239,3006
2020-3-24,238,3006
2020-3-24,238,3007
2020-3-24,238,3005
2020-3-24,238,3009
2020-3-24,239,3022
2020-3-24,238,3022
2020-3-24,238,3025
2020-3-24,239,3031
2020-3-24,239,3029
2020-3-24,238,3030
2020-3-24,238,3029
2020-3-24,238,3029
2020-3-24,238,3025
2020-3-24,237,3026
2020-3-24,237,3024
2020-3-24,237,3022
2020-3-24,237,3024
2020-3-24,237,3023
2020-3-24,237,3024
2020-3-24,237,3024
2020-3-24,237,3023
2020-3-24,237,3022
2020-3-24,237,3027
2020-3-24,237,3031
2020-3-24,237,3031
2020-3-24,237,3037
2020-3-24,237,3042
2020-3-24,237,3047
2020-3-24,237,3043
2020-3-24,237,3042
2020-3-24,237,3040
2020-3-24,237,3038
2020-3-24,237,3038
2020-3-24,237,3038
2020-3-24,237,3035
2020-3-24,237,3030
2020-3-24,237,3029
2020-3-24,239,3032
2020-3-24,237,3031
2020-3-24,237,3020
2020-3-24,236,3016
2020-3-24,237,3029
