time,process,threads,memory_usage
40:1,197,2276,55.5
40:2,197,2279,55.5
40:3,197,2296,55.6
40:5,197,2298,55.6
40:6,197,2297,55.5
40:7,197,2297,55.6
40:8,197,2296,55.6
40:9,197,2295,55.5
40:11,197,2295,55.5
40:12,197,2296,55.5
40:13,197,2295,55.4
40:14,197,2296,55.4
40:15,197,2296,55.4
40:16,197,2296,55.4
40:17,197,2296,55.3
40:19,197,2296,56.3
40:20,198,2326,54.3
40:21,198,2332,54.7
40:22,198,2334,55.4
40:23,198,2335,55.4
40:25,198,2335,55.4
40:26,198,2333,55.4
40:27,198,2333,55.5
40:28,198,2330,55.5
40:29,198,2331,55.6
40:30,198,2333,55.7
40:31,198,2333,55.8
40:32,198,2332,55.9
40:34,198,2328,55.8
40:35,198,2324,56.6
40:36,198,2339,56.6
40:38,201,2347,56.6
40:39,198,2347,56.6
40:40,198,2346,56.6
40:42,198,2346,57.1
40:43,202,2359,57.1
40:44,200,2358,57.5
40:45,200,2363,55.7
40:47,198,2353,55.6
40:48,198,2349,55.5
40:50,198,2338,55.1
40:51,197,2338,55.0
40:52,197,2337,55.0
40:53,197,2334,54.9
40:54,197,2335,54.9
40:55,197,2334,54.9
40:56,197,2334,54.2
40:58,197,2333,54.1
40:59,197,2330,54.1
41:0,197,2329,54.1
41:1,197,2329,54.1
41:2,197,2330,54.1
41:3,197,2330,54.1
41:4,197,2330,54.0
41:5,197,2326,54.0
41:6,197,2330,54.0
41:7,197,2328,54.0
41:9,197,2327,54.0
41:10,197,2327,54.0
41:11,197,2325,54.1
41:12,197,2329,54.1
41:13,197,2328,54.1
41:14,197,2328,54.1
41:16,197,2328,54.1
41:17,197,2323,54.1
41:18,197,2326,54.1
41:19,199,2322,54.1
41:20,197,2322,54.1
41:21,199,2322,54.1
41:22,197,2323,54.2
41:24,197,2323,54.2
41:25,197,2323,54.1
41:26,197,2322,54.2
41:27,197,2322,54.2
41:28,197,2322,54.2
41:29,197,2322,54.3
41:30,197,2320,54.3
41:32,197,2319,54.2
41:33,197,2319,54.2
41:34,197,2317,54.1
41:35,197,2317,54.1
41:36,197,2317,54.1
41:37,197,2321,54.1
41:38,197,2320,54.3
41:39,197,2319,54.3
41:40,197,2317,54.3
41:42,196,2318,54.3
41:43,197,2324,54.3
41:44,197,2323,54.2
41:45,197,2323,54.3
41:46,197,2325,54.3
41:47,197,2324,54.3
41:48,197,2324,54.3
41:49,197,2324,54.2
41:50,197,2324,54.2
41:52,197,2323,54.2
41:53,197,2317,54.2
41:54,197,2316,54.2
41:55,197,2315,54.2
41:56,197,2313,54.2
41:57,197,2308,54.1
41:58,197,2305,54.2
42:0,197,2296,54.2
42:1,197,2294,54.2
42:2,197,2294,54.3
42:3,197,2295,54.2
42:4,197,2296,54.2
42:6,197,2291,54.2
42:7,197,2292,54.2
42:8,197,2290,54.2
42:9,197,2286,54.2
42:10,197,2287,54.2
42:11,197,2284,54.3
42:12,197,2282,54.2
42:13,197,2283,54.2
42:14,197,2285,54.3
42:15,197,2286,54.2
42:16,197,2286,54.2
42:18,199,2286,54.3
42:19,197,2286,54.3
42:20,197,2287,54.3
42:21,197,2286,54.3
42:22,197,2285,54.2
42:23,197,2286,54.3
42:24,197,2284,54.2
42:26,197,2284,54.2
42:27,197,2283,54.2
42:28,197,2283,54.2
42:29,197,2282,54.2
42:30,197,2283,54.2
42:31,197,2280,54.2
42:32,197,2279,54.2
42:33,197,2279,54.2
42:34,197,2279,54.2
42:36,197,2283,54.3
42:37,197,2278,54.3
42:38,197,2279,54.3
42:39,197,2279,54.3
42:40,197,2278,54.3
42:41,197,2271,54.2
42:42,197,2271,54.2
42:43,197,2264,54.6
42:45,199,2276,55.5
42:46,199,2274,56.2
42:47,199,2276,56.5
42:48,199,2285,56.5
42:49,199,2285,56.5
42:50,199,2286,56.5
42:52,199,2286,56.5
42:53,199,2286,56.5
42:54,200,2294,56.6
42:55,200,2290,56.6
42:57,200,2300,56.8
42:58,200,2299,57.0
42:59,200,2303,57.2
43:1,201,2324,57.2
43:2,201,2322,57.2
43:3,201,2322,57.1
43:4,201,2319,57.1
43:6,200,2293,55.5
43:7,204,2303,55.9
43:9,200,2310,55.9
43:10,200,2320,56.0
43:11,202,2326,55.9
43:12,200,2311,55.8
43:14,200,2295,55.1
43:15,198,2295,55.1
43:16,200,2338,55.3
43:17,200,2339,55.7
43:19,201,2349,55.7
43:20,201,2347,55.6
43:21,201,2348,55.6
43:22,201,2347,55.5
43:23,201,2341,55.5
43:24,200,2342,55.4
43:26,200,2340,55.8
43:27,200,2339,55.8
43:28,200,2339,55.6
43:29,200,2339,55.4
43:30,200,2343,55.5
43:31,200,2344,55.6
43:33,200,2357,55.7
43:34,205,2454,56.1
43:35,206,2470,56.2
43:37,206,2479,59.0
43:38,206,2481,59.7
43:39,206,2485,60.4
43:41,207,2497,57.9
43:42,207,2496,56.4
43:43,207,2508,56.2
43:45,207,2525,56.0
43:46,206,2519,56.1
43:47,206,2519,59.0
43:49,206,2521,60.2
43:50,206,2521,60.6
43:51,206,2520,58.1
43:52,206,2521,57.9
43:54,206,2519,56.3
43:55,206,2518,56.3
43:56,206,2521,58.0
43:58,206,2522,60.1
43:59,206,2524,60.7
44:0,207,2531,60.9
44:2,209,2536,58.2
44:3,208,2533,58.1
44:4,207,2535,58.2
44:6,207,2530,59.3
44:7,209,2534,55.8
44:9,208,2534,55.8
44:10,208,2530,55.7
44:11,208,2535,55.8
44:13,209,2537,55.8
44:14,208,2532,55.8
44:15,208,2529,55.8
44:16,208,2529,55.7
44:18,207,2518,55.7
44:19,207,2518,55.6
44:20,207,2520,55.9
44:22,207,2516,55.9
44:23,207,2525,56.2
44:24,207,2528,56.5
44:26,207,2526,56.6
44:27,208,2539,56.7
44:28,208,2539,56.0
44:29,207,2533,56.3
44:30,206,2515,56.0
44:31,205,2515,55.9
44:32,205,2514,55.9
44:33,205,2515,55.9
44:34,205,2511,55.8
44:35,205,2509,55.9
44:36,205,2495,55.6
44:38,203,2472,55.6
44:39,203,2461,55.1
44:40,203,2460,55.1
44:41,203,2459,55.0
44:42,202,2446,54.9
44:43,202,2447,54.9
44:44,202,2445,54.9
44:45,202,2445,54.9
44:46,202,2445,54.9
44:47,202,2446,54.9
44:48,202,2445,54.9
44:49,202,2445,54.9
44:50,202,2443,54.9
44:51,202,2446,54.9
44:52,202,2445,55.8
44:53,205,2477,56.6
44:54,205,2472,57.0
44:55,205,2474,57.3
44:56,205,2482,57.3
44:58,205,2462,55.3
44:59,205,2474,56.4
45:0,205,2482,57.1
45:1,211,2489,55.4
45:3,205,2486,56.4
45:4,205,2476,56.8
45:5,204,2476,57.2
45:6,204,2486,57.2
45:7,203,2475,57.2
45:8,202,2476,57.2
45:9,202,2474,57.2
45:10,202,2474,57.2
45:11,202,2474,57.2
45:12,202,2474,57.2
45:14,202,2474,57.2
45:15,202,2469,57.2
45:16,203,2477,57.7
45:17,203,2476,57.6
45:18,203,2466,57.5
45:19,203,2458,57.5
45:20,203,2459,57.6
45:21,202,2434,57.6
45:23,202,2433,57.6
45:24,202,2430,57.6
45:25,202,2432,57.7
45:26,202,2420,57.6
45:27,202,2415,57.5
45:28,203,2422,57.9
45:30,209,2422,57.8
45:31,207,2437,58.5
45:33,203,2451,58.5
45:34,203,2449,58.4
45:35,203,2451,56.2
45:36,201,2424,56.5
45:38,205,2428,56.5
45:39,201,2430,56.5
45:40,201,2433,56.4
45:41,201,2435,56.4
45:42,201,2438,56.5
45:43,201,2426,56.4
45:44,199,2418,56.2
45:45,200,2425,56.2
45:46,200,2424,56.2
45:47,200,2425,56.2
45:48,200,2424,56.1
45:49,201,2433,56.3
45:50,201,2432,56.3
45:51,201,2432,56.1
45:52,201,2432,56.2
45:53,201,2432,56.2
45:54,201,2425,56.0
45:55,200,2428,56.0
45:56,200,2431,56.0
45:57,200,2431,56.0
45:58,200,2431,55.9
45:59,200,2430,55.9
46:0,200,2426,55.9
46:1,200,2424,55.9
46:2,200,2425,55.9
46:3,200,2425,55.9
46:4,200,2425,55.9
46:5,200,2424,55.9
46:6,200,2423,56.0
46:7,200,2423,55.9
46:8,200,2422,55.9
46:9,200,2418,55.9
46:10,200,2418,55.9
46:11,200,2414,55.9
46:12,200,2412,55.9
46:13,200,2412,55.9
46:14,200,2410,55.9
46:15,200,2409,55.9
46:16,200,2410,55.9
46:17,200,2411,55.9
46:18,200,2411,55.9
46:19,200,2411,55.9
46:20,200,2410,55.9
46:21,200,2409,55.9
46:22,200,2407,56.1
46:23,200,2410,56.1
46:24,200,2411,56.1
46:25,200,2410,56.1
46:26,200,2402,56.1
46:27,200,2398,56.1
46:28,200,2396,56.1
46:29,200,2393,56.0
46:30,200,2386,55.9
46:31,200,2384,55.9
46:32,200,2385,55.9
46:33,200,2385,55.9
46:34,200,2374,55.9
46:35,200,2369,55.9
46:36,200,2367,55.9
46:37,200,2358,56.1
46:38,200,2360,56.2
46:39,200,2362,56.2
46:40,200,2363,56.2
46:41,200,2363,56.2
46:42,200,2364,56.2
46:43,200,2364,56.1
46:44,200,2360,56.1
46:45,200,2360,55.9
46:46,200,2361,55.9
46:47,200,2360,55.8
46:48,200,2356,55.8
46:49,200,2355,55.8
46:50,200,2354,55.8
46:51,200,2351,55.8
46:52,200,2351,55.8
46:53,200,2351,55.8
46:54,200,2345,55.7
46:55,198,2343,55.7
46:56,198,2340,55.7
46:57,198,2342,55.7
46:58,198,2342,55.7
46:59,198,2342,55.7
47:0,198,2342,55.7
47:1,198,2344,55.7
47:2,198,2343,55.7
47:2,198,2343,55.7
47:3,198,2343,55.7
47:4,198,2342,55.7
47:5,198,2343,55.7
47:6,198,2340,55.7
47:7,198,2346,55.7
47:8,198,2344,55.7
47:9,198,2345,55.7
47:10,198,2345,55.7
47:11,198,2344,55.7
47:12,198,2345,55.7
47:13,198,2345,55.7
47:14,198,2344,55.6
47:15,198,2344,55.6
47:16,198,2345,55.6
47:17,198,2347,55.6
47:17,198,2346,55.6
47:18,198,2343,55.6
47:19,198,2344,55.6
47:20,198,2342,55.6
47:21,198,2342,55.6
47:22,198,2341,55.6
47:23,198,2342,55.6
47:24,198,2342,55.6
47:25,198,2342,55.6
47:26,198,2340,55.6
47:27,198,2340,55.6
47:28,198,2339,55.6
47:29,198,2340,55.6
47:30,198,2337,55.6
47:31,198,2333,55.6
47:32,198,2332,55.6
47:33,198,2329,55.6
47:34,198,2328,55.6
47:34,198,2328,55.6
47:35,198,2326,55.6
47:36,198,2326,55.6
47:37,198,2327,55.6
47:38,198,2321,55.6
47:39,198,2327,55.6
47:40,198,2323,55.6
47:41,198,2328,55.6
47:42,198,2326,55.6
47:43,198,2326,55.6
47:44,198,2322,55.6
47:45,197,2318,55.6
47:46,198,2326,55.6
47:47,198,2326,55.6
47:48,198,2325,55.6
47:49,198,2324,55.6
47:50,198,2321,55.6
47:50,198,2319,55.6
47:51,198,2319,55.6
47:52,198,2319,55.5
47:53,198,2319,55.5
47:54,198,2320,55.5
47:55,198,2320,55.5
47:56,198,2320,55.5
47:57,198,2319,55.5
47:58,198,2319,55.5
47:59,198,2319,55.5
48:0,198,2320,55.5
48:1,198,2321,55.5
48:2,198,2321,55.5
48:3,198,2321,55.5
48:4,198,2320,55.5
48:5,198,2318,55.5
48:5,198,2316,55.5
48:6,198,2316,55.5
48:7,198,2316,55.5
48:8,198,2315,55.5
48:9,198,2317,55.5
48:10,198,2317,55.5
48:11,198,2317,55.5
48:12,200,2319,55.6
48:13,198,2318,55.6
48:14,198,2319,55.6
48:15,198,2318,55.6
48:16,198,2317,55.5
48:17,198,2312,55.5
48:18,198,2310,55.5
48:19,198,2310,55.5
48:20,198,2310,55.5
48:21,198,2311,55.5
48:21,198,2309,55.5
48:22,198,2307,55.5
48:23,198,2307,55.5
48:24,198,2307,55.5
48:25,198,2307,55.5
48:26,198,2306,55.5
48:27,198,2307,55.5
48:28,198,2306,55.5
48:29,198,2306,55.5
48:30,198,2307,55.5
48:31,198,2307,55.5
48:32,198,2307,55.5
48:33,198,2306,55.5
48:34,198,2307,55.5
48:35,198,2306,55.5
48:35,198,2305,55.5
48:36,198,2301,55.5
48:37,198,2300,55.5
48:38,198,2298,55.5
48:39,198,2297,55.5
48:40,198,2292,55.5
48:41,198,2292,55.5
48:42,198,2290,55.5
48:43,202,2364,56.0
48:44,206,2428,56.1
48:45,207,2452,56.3
48:46,207,2459,56.4
48:47,208,2475,56.4
48:49,209,2497,56.6
48:50,209,2500,56.8
48:51,208,2484,56.7
48:52,208,2483,56.7
48:53,208,2491,56.7
48:54,207,2483,56.7
48:55,207,2482,56.7
48:56,207,2482,56.7
48:57,207,2483,56.7
48:58,207,2485,56.7
48:59,208,2494,56.7
49:1,208,2492,56.7
49:2,208,2494,56.7
49:3,208,2492,56.7
49:4,208,2492,56.7
49:5,208,2490,56.7
49:6,208,2487,56.7
49:7,208,2487,56.7
49:8,208,2486,56.7
49:9,208,2484,56.7
49:10,208,2485,56.7
49:11,208,2487,56.7
49:12,208,2489,56.7
49:13,209,2490,56.8
49:14,209,2494,56.8
49:15,208,2492,56.4
49:16,208,2491,55.8
49:17,208,2490,55.8
49:18,208,2489,55.8
49:19,208,2487,55.8
49:20,208,2488,55.8
49:21,208,2488,55.8
49:22,208,2488,55.8
49:23,208,2489,55.8
49:24,208,2488,55.8
49:25,208,2488,55.8
49:26,208,2489,55.8
49:27,208,2489,55.8
49:28,208,2488,55.8
49:29,208,2488,55.8
49:30,208,2488,55.8
49:31,208,2486,55.8
49:32,208,2486,55.8
49:33,208,2485,55.8
49:34,208,2485,55.8
49:35,208,2486,55.8
49:36,208,2486,55.8
49:37,208,2486,55.8
49:38,208,2483,55.8
49:39,207,2482,55.7
49:40,207,2483,55.7
49:41,207,2484,55.7
49:42,207,2488,55.7
49:43,207,2478,55.7
49:44,206,2462,55.7
49:45,205,2439,55.6
49:46,203,2433,55.6
49:47,204,2435,55.6
49:48,204,2433,55.6
49:49,204,2431,55.5
49:50,203,2422,55.4
49:51,203,2423,55.4
49:52,203,2422,55.4
49:53,203,2421,55.4
49:54,203,2416,55.4
49:55,203,2412,55.4
49:56,203,2409,55.4
49:57,203,2410,55.4
49:58,203,2408,55.4
49:59,203,2405,55.4
40:0,211,2532,56.9
40:1,211,2531,56.9
40:2,212,2536,57.0
40:3,211,2532,56.9
40:4,211,2530,56.9
40:5,211,2528,56.9
40:6,211,2523,57.1
40:8,211,2518,57.3
40:9,212,2523,57.3
40:10,212,2530,57.7
40:11,212,2542,58.1
40:13,212,2551,58.2
40:14,213,2555,59.4
40:15,213,2555,59.6
40:16,213,2553,59.8
40:18,213,2557,59.9
40:19,213,2562,59.7
40:20,214,2571,60.4
40:22,214,2571,60.2
40:23,214,2571,59.8
40:24,214,2569,59.7
40:25,214,2568,59.5
40:26,214,2563,59.5
40:27,214,2541,59.4
40:28,212,2510,59.2
40:30,212,2520,59.3
40:31,212,2519,59.3
40:32,212,2518,59.3
40:33,212,2518,59.3
40:34,212,2517,59.3
40:35,212,2516,59.3
40:36,212,2515,59.2
40:37,212,2514,59.1
40:38,212,2512,59.2
40:39,212,2512,59.2
40:40,212,2512,59.2
40:41,212,2513,59.2
40:42,212,2506,59.3
40:43,211,2504,59.4
40:45,211,2504,60.4
40:46,211,2506,60.7
40:47,211,2509,60.7
40:48,211,2511,60.7
40:49,211,2509,60.7
40:50,211,2508,60.5
40:51,211,2508,60.3
40:52,211,2509,60.2
40:53,211,2509,60.0
40:54,211,2509,60.0
40:55,211,2508,60.0
40:56,211,2505,59.9
40:57,211,2505,59.8
40:59,210,2489,59.6
41:0,209,2489,59.6
41:1,209,2489,59.6
41:2,209,2488,59.6
41:3,209,2487,59.6
41:4,209,2482,59.6
41:5,209,2482,59.6
41:6,209,2481,59.6
41:7,209,2479,59.6
41:8,209,2478,59.6
41:9,209,2470,59.6
41:10,209,2470,59.6
41:11,209,2463,59.6
41:12,209,2460,59.6
41:13,209,2461,59.6
41:14,209,2455,59.6
41:15,209,2454,59.5
41:16,209,2445,59.7
41:17,209,2442,59.9
41:18,209,2437,59.9
41:19,209,2436,59.8
41:20,209,2435,59.8
41:21,209,2436,59.8
41:22,209,2432,59.8
41:23,209,2432,59.8
41:24,209,2431,59.7
41:25,209,2431,59.5
41:26,209,2430,59.5
41:27,209,2431,59.5
41:28,209,2431,59.5
41:29,208,2425,59.5
41:30,208,2425,59.5
41:31,208,2421,59.5
41:32,208,2419,59.5
41:33,208,2423,59.5
41:34,208,2423,59.8
41:35,208,2422,59.7
41:36,208,2420,59.7
41:37,208,2428,59.6
41:38,208,2429,59.6
41:39,208,2428,59.6
41:40,208,2418,59.6
41:41,208,2420,59.7
41:42,208,2415,59.7
41:43,208,2415,59.8
41:44,208,2415,59.7
41:45,208,2415,59.7
41:46,208,2416,59.7
41:47,208,2413,59.7
41:48,208,2413,59.7
41:49,208,2412,59.7
41:50,208,2412,59.8
41:51,208,2409,59.8
41:52,208,2407,59.8
41:53,208,2407,59.8
41:54,208,2406,59.8
41:55,208,2408,60.0
41:56,208,2408,60.2
41:58,208,2408,60.1
41:58,208,2407,60.1
42:0,208,2407,60.1
42:1,208,2410,60.1
42:2,208,2410,60.1
42:3,208,2417,60.1
42:4,208,2417,60.1
42:5,208,2418,60.1
42:6,208,2417,60.0
42:7,208,2418,59.9
42:8,208,2418,59.9
42:9,208,2416,59.9
42:10,208,2416,59.8
42:11,208,2412,59.8
42:12,208,2408,59.8
42:13,208,2406,59.8
42:14,208,2396,59.8
42:15,208,2395,59.8
42:16,208,2393,59.8
42:17,208,2393,59.8
42:18,208,2392,59.7
42:19,208,2392,59.7
42:20,208,2393,59.6
42:21,208,2393,59.6
42:22,208,2394,59.6
42:23,208,2389,59.6
42:24,208,2385,59.6
42:25,208,2383,59.6
42:26,208,2380,59.6
42:27,208,2379,59.6
42:28,208,2372,59.6
42:30,207,2373,59.6
42:31,208,2386,59.6
42:32,208,2386,59.6
42:33,208,2382,59.6
42:34,208,2380,59.6
42:35,208,2380,59.6
42:36,208,2379,59.6
42:37,208,2379,59.6
42:38,208,2377,59.6
42:39,208,2377,59.6
42:40,208,2377,59.6
42:41,208,2376,59.6
42:42,208,2376,59.6
42:43,208,2375,59.6
42:44,208,2376,59.7
42:45,208,2375,59.7
42:46,208,2375,59.7
42:47,208,2376,59.8
42:48,208,2376,59.8
42:49,208,2377,59.8
42:50,208,2364,60.6
42:51,210,2420,60.9
42:53,210,2422,60.9
42:54,210,2423,60.9
42:55,210,2423,61.0
42:56,211,2428,61.1
42:57,211,2442,61.3
42:58,211,2442,61.3
42:59,211,2436,61.2
43:0,211,2440,61.2
43:2,211,2440,61.3
43:3,212,2440,61.5
43:4,214,2495,63.6
43:6,217,2543,64.2
43:8,218,2555,64.3
43:9,218,2556,64.4
43:10,218,2556,64.3
43:11,218,2555,64.2
43:13,217,2535,63.9
43:14,216,2532,63.6
43:15,216,2533,63.4
43:16,216,2533,63.2
43:17,216,2535,63.2
43:18,216,2533,63.4
43:19,218,2442,62.1
43:21,211,2456,62.0
43:22,211,2450,62.0
43:23,211,2450,62.0
43:24,211,2451,62.0
43:25,211,2449,62.0
43:26,210,2447,61.4
43:28,210,2447,61.4
43:29,210,2446,61.4
43:30,210,2444,61.3
43:31,210,2443,61.5
43:32,210,2447,61.4
43:33,212,2511,62.5
43:35,217,2603,62.7
43:36,219,2601,63.4
43:38,216,2603,62.8
43:39,217,2598,62.8
43:41,216,2596,62.8
43:42,216,2601,62.8
43:43,216,2597,62.7
43:44,216,2602,62.2
43:45,216,2603,62.3
43:47,216,2603,62.2
43:48,216,2603,62.2
43:49,217,2621,63.2
43:51,220,2673,63.4
43:52,220,2673,63.4
43:53,220,2672,63.4
43:54,220,2672,63.4
43:55,220,2672,63.2
43:56,220,2671,62.8
43:58,220,2671,62.8
43:59,220,2672,62.6
44:0,220,2672,62.6
44:1,219,2656,62.5
44:2,219,2657,62.5
44:3,219,2658,62.5
44:4,218,2647,62.4
44:5,218,2650,62.3
44:7,218,2638,62.1
44:8,218,2638,62.2
44:9,218,2635,62.2
44:10,218,2635,62.2
44:11,218,2633,62.2
44:12,218,2637,62.3
44:13,218,2646,62.4
44:15,219,2647,62.3
44:16,218,2647,62.3
44:17,218,2648,62.3
44:18,218,2648,62.3
44:19,218,2641,62.2
44:20,217,2641,62.1
44:21,217,2640,62.1
44:22,217,2638,62.1
44:23,217,2631,62.1
44:25,217,2630,62.1
44:26,217,2627,62.2
44:27,217,2625,62.2
44:28,217,2624,62.2
44:29,217,2625,62.2
44:30,217,2618,62.3
44:31,216,2616,62.4
44:33,217,2620,62.4
44:34,217,2619,62.3
44:35,217,2619,62.3
44:36,217,2617,62.3
44:37,217,2613,62.5
44:38,217,2608,62.5
44:39,217,2588,62.3
44:40,215,2564,62.3
44:42,215,2568,62.3
44:43,215,2565,62.2
44:44,215,2564,62.2
44:45,215,2564,62.2
44:46,215,2564,62.2
44:47,215,2565,62.2
44:48,215,2565,62.2
44:49,215,2565,62.2
44:51,215,2566,62.2
44:52,215,2565,62.2
44:53,215,2568,62.2
44:54,215,2568,62.3
44:55,215,2575,62.2
44:56,215,2578,62.3
44:58,215,2577,62.3
44:59,215,2576,62.8
45:0,215,2581,62.3
45:2,215,2576,62.8
45:3,214,2577,62.7
45:5,214,2577,62.8
45:6,214,2575,63.0
45:7,214,2578,62.3
45:8,214,2576,62.2
45:9,214,2561,62.1
45:10,212,2563,62.0
45:12,212,2568,62.0
45:13,212,2561,61.9
45:14,212,2561,61.7
45:15,212,2561,61.7
45:16,212,2562,61.7
45:17,212,2563,61.7
45:18,212,2564,61.7
45:19,212,2565,61.7
45:20,212,2565,61.7
45:21,212,2565,61.7
45:22,212,2566,61.6
45:23,212,2567,61.6
45:25,212,2567,61.3
45:26,212,2567,61.3
45:27,212,2566,61.3
45:28,212,2566,61.3
45:29,212,2568,61.3
45:30,212,2568,61.4
45:31,212,2567,61.5
45:32,214,2585,62.2
45:34,214,2599,62.1
45:35,214,2595,62.1
45:36,214,2587,62.2
45:37,214,2579,61.8
45:38,214,2579,61.7
45:39,214,2569,61.7
45:40,214,2568,61.7
45:42,214,2565,61.8
45:43,214,2567,61.8
45:44,214,2558,61.8
45:45,215,2559,62.0
45:46,214,2555,62.2
45:48,214,2561,62.2
45:49,214,2561,62.2
45:50,214,2556,62.2
45:51,214,2556,62.1
45:53,214,2558,62.0
45:54,214,2566,62.0
45:55,214,2563,61.9
45:56,214,2549,61.6
45:57,213,2555,61.5
45:58,213,2557,61.5
45:59,213,2561,61.5
46:1,213,2549,61.5
46:2,212,2544,61.4
46:3,212,2544,61.4
46:4,212,2543,61.4
46:5,212,2542,61.6
46:6,212,2546,61.6
46:7,213,2559,62.1
46:9,212,2561,62.1
46:10,212,2561,62.0
46:11,212,2561,62.0
46:12,212,2562,62.0
46:13,212,2563,62.0
46:14,212,2563,62.0
46:15,212,2559,62.0
46:16,212,2559,61.9
46:17,212,2556,61.9
46:19,212,2557,61.6
46:20,212,2551,61.6
46:21,212,2551,61.6
46:22,212,2551,61.6
46:23,212,2551,61.6
46:24,212,2551,61.6
46:25,212,2549,61.5
46:26,212,2549,61.5
46:27,212,2549,61.5
46:28,212,2546,61.5
46:29,211,2546,61.5
46:31,211,2547,61.5
46:32,211,2547,61.5
46:33,210,2541,61.5
46:34,211,2553,61.5
46:35,211,2550,61.5
46:36,211,2547,61.5
46:37,211,2542,61.5
46:38,211,2542,61.6
46:39,211,2540,61.6
46:41,211,2537,61.6
46:42,211,2535,61.6
46:43,211,2532,61.6
46:44,211,2526,61.6
46:45,211,2524,61.6
46:46,211,2515,61.6
46:47,210,2513,61.6
46:48,210,2515,61.6
46:49,210,2515,61.6
46:51,210,2515,61.6
46:52,210,2514,61.5
46:53,210,2510,61.5
46:54,210,2506,61.5
46:55,210,2500,61.5
46:56,210,2497,61.5
46:57,210,2495,61.5
46:58,210,2497,61.5
46:59,210,2497,61.5
47:0,210,2496,61.9
47:1,210,2501,61.7
47:2,210,2501,61.7
47:4,210,2499,61.7
47:5,210,2496,61.7
47:6,210,2495,61.6
47:7,210,2494,61.6
47:8,210,2494,61.6
47:9,210,2488,61.6
47:10,210,2482,61.5
47:11,210,2481,61.5
47:12,210,2480,61.5
47:13,210,2478,61.5
47:14,210,2478,61.5
47:15,210,2474,61.5
47:16,210,2475,61.5
47:17,210,2476,61.5
47:19,210,2475,61.5
47:20,210,2476,61.5
47:21,210,2476,61.5
47:22,210,2474,61.5
47:23,210,2478,61.5
47:24,210,2475,61.9
47:25,210,2476,61.9
47:27,210,2475,61.9
47:28,210,2469,61.9
47:29,210,2469,61.9
47:30,210,2470,61.8
47:31,211,2486,62.1
47:33,211,2489,62.4
47:34,211,2490,62.3
47:35,211,2490,62.2
47:37,211,2501,61.5
47:38,209,2496,61.5
47:40,209,2497,62.1
47:41,209,2499,62.0
47:43,209,2499,61.8
47:44,209,2505,62.2
47:46,210,2521,62.0
47:47,210,2525,61.6
47:49,210,2521,62.2
47:50,210,2524,61.0
47:51,211,2534,61.3
47:53,212,2533,62.0
47:54,212,2534,61.3
47:55,212,2531,61.3
47:56,212,2523,61.3
47:57,212,2502,60.7
47:59,210,2488,60.7
48:0,211,2498,61.0
48:2,210,2502,61.3
48:3,210,2502,61.4
48:4,210,2498,61.6
48:6,211,2501,61.3
48:7,210,2503,61.6
48:8,211,2515,62.1
48:10,212,2520,62.1
48:11,212,2521,63.7
48:12,212,2525,62.7
48:13,212,2524,62.4
48:14,212,2510,60.6
48:15,210,2506,60.5
48:17,210,2506,61.5
48:18,210,2502,61.7
48:19,210,2504,61.7
48:20,210,2507,61.6
48:22,210,2506,61.6
48:23,210,2507,61.6
48:24,210,2507,61.3
48:25,210,2507,61.3
48:26,210,2505,61.0
48:27,210,2505,60.8
48:28,210,2506,60.8
48:29,210,2504,60.8
48:30,210,2501,60.6
48:32,210,2497,61.3
48:33,210,2497,61.2
48:34,209,2488,61.2
48:35,210,2500,61.3
48:37,210,2504,61.4
48:38,210,2499,61.7
48:39,210,2509,61.6
48:40,210,2508,61.6
48:41,210,2507,61.6
48:42,210,2509,61.6
48:44,210,2508,61.6
48:45,210,2506,61.4
48:46,210,2506,61.4
48:47,210,2503,61.0
48:48,210,2504,61.0
48:49,210,2505,61.0
48:50,210,2506,60.9
48:51,210,2505,60.6
48:52,210,2499,60.9
48:54,209,2484,61.3
48:55,210,2496,61.3
48:56,210,2495,61.4
48:57,210,2493,61.5
48:59,210,2492,61.4
49:0,210,2491,61.4
49:1,210,2490,61.3
49:2,210,2493,61.6
49:4,210,2500,62.0
49:5,211,2510,62.2
49:6,212,2514,62.2
49:7,211,2512,62.1
49:8,211,2512,62.0
49:10,211,2513,62.0
49:11,211,2511,62.1
49:12,211,2512,61.7
49:13,211,2512,61.6
49:14,212,2510,61.6
49:15,211,2511,61.4
49:16,211,2513,61.4
49:17,210,2500,61.4
49:18,210,2498,61.3
49:20,210,2498,61.3
49:21,210,2496,61.3
49:22,210,2495,61.3
49:23,210,2496,61.3
49:24,210,2496,61.3
49:25,210,2496,61.3
49:26,210,2499,61.3
49:27,210,2498,61.4
49:28,210,2498,61.4
49:29,210,2499,61.5
49:31,210,2501,61.5
49:32,210,2501,61.5
49:33,210,2499,61.5
49:34,210,2497,61.5
49:35,210,2496,61.5
49:36,210,2491,61.6
49:37,210,2494,61.4
49:38,210,2492,61.6
49:39,210,2491,61.6
49:40,209,2491,61.6
49:42,209,2491,61.5
49:43,209,2489,61.5
49:44,209,2490,61.5
49:45,209,2488,61.5
49:46,209,2484,60.7
49:47,207,2487,60.7
49:48,207,2486,60.7
49:50,207,2489,61.0
49:51,208,2501,61.0
49:52,208,2501,61.0
49:53,208,2501,61.2
49:55,208,2501,61.2
49:56,208,2496,61.1
49:57,208,2496,61.1
49:58,208,2495,61.1
49:59,208,2495,61.0
40:0,206,2455,58.9
40:1,206,2467,58.9
40:2,206,2467,58.9
40:4,206,2468,58.9
40:5,206,2468,59.0
40:6,206,2467,59.1
40:8,207,2473,59.2
40:9,207,2475,59.1
40:10,207,2475,59.0
40:11,207,2473,59.0
40:13,206,2447,56.9
40:14,206,2452,56.9
40:15,205,2463,56.8
40:16,205,2463,56.8
40:17,205,2455,56.7
40:18,204,2453,56.7
40:20,204,2452,56.7
40:21,204,2447,56.7
40:22,204,2445,56.7
40:23,204,2442,56.8
40:24,204,2439,56.8
40:25,204,2436,56.8
40:27,206,2445,57.9
40:28,206,2443,58.5
40:29,206,2441,58.8
40:30,206,2448,58.8
40:32,206,2447,58.8
40:33,206,2446,58.9
40:34,206,2427,57.7
40:36,206,2438,58.1
40:37,206,2438,58.9
40:38,206,2446,58.9
40:40,206,2446,58.8
40:41,206,2446,57.7
40:42,206,2444,57.8
40:43,206,2448,57.8
40:45,207,2451,57.9
40:46,207,2448,57.9
40:47,207,2448,57.8
40:48,207,2446,57.9
40:49,207,2446,57.9
40:51,205,2426,55.8
40:52,205,2427,55.8
40:54,205,2425,56.5
40:55,207,2436,57.1
40:56,207,2436,57.6
40:57,206,2437,57.8
40:59,206,2434,57.7
41:0,206,2440,57.8
41:1,206,2441,57.8
41:2,206,2441,57.9
41:3,206,2444,57.9
41:5,207,2452,57.9
41:6,207,2452,57.8
41:7,207,2451,57.8
41:9,207,2451,57.8
41:10,207,2430,55.8
41:11,209,2431,55.8
41:12,205,2431,55.7
41:13,205,2431,55.7
41:14,205,2423,55.7
41:16,204,2423,55.7
41:17,204,2426,55.7
41:18,204,2427,55.7
41:19,204,2427,55.7
41:20,204,2425,55.7
41:21,204,2425,55.7
41:22,204,2424,55.7
41:23,204,2424,55.8
41:24,204,2425,55.7
41:26,204,2423,56.6
41:27,206,2428,57.1
41:28,206,2427,57.7
41:29,206,2435,57.8
41:30,206,2435,57.8
41:32,206,2434,57.8
41:33,206,2429,57.8
41:34,206,2428,57.9
41:35,206,2416,57.9
41:37,207,2421,57.9
41:38,207,2416,57.9
41:40,208,2390,55.9
41:41,207,2401,56.9
41:43,206,2403,57.4
41:44,206,2401,57.9
41:45,206,2406,57.8
41:46,206,2402,56.3
41:48,210,2400,57.1
41:49,206,2401,57.6
41:50,206,2400,57.9
41:52,206,2410,57.9
41:53,206,2411,57.9
41:54,206,2390,56.7
41:56,206,2405,57.3
41:57,206,2405,57.8
41:58,206,2413,57.9
41:59,206,2413,57.9
42:0,206,2415,57.9
42:2,206,2415,58.0
42:3,206,2415,58.0
42:4,207,2423,58.1
42:6,207,2423,58.0
42:7,207,2422,58.0
42:8,207,2420,58.0
42:9,207,2398,56.1
42:10,205,2399,56.0
42:12,205,2399,55.9
42:13,205,2398,56.2
42:14,206,2398,57.1
42:16,206,2412,57.6
42:17,206,2414,58.1
42:18,206,2425,58.0
42:19,206,2425,58.0
42:20,206,2425,57.9
42:22,206,2425,58.0
42:23,206,2423,58.0
42:24,207,2431,58.0
42:25,207,2428,58.0
42:27,207,2427,57.9
42:28,207,2427,57.6
42:29,207,2426,57.6
42:30,205,2406,55.5
42:32,205,2406,55.5
42:33,205,2408,55.5
42:34,205,2400,55.5
42:35,204,2398,55.4
42:36,204,2396,55.4
42:37,204,2393,55.4
42:38,204,2394,55.5
42:40,206,2404,56.6
42:41,206,2404,57.2
42:42,206,2399,57.4
42:43,209,2409,57.6
42:45,206,2407,57.6
42:46,206,2407,57.5
42:47,206,2408,57.5
42:48,206,2408,57.6
42:49,207,2416,57.6
42:51,207,2416,57.6
42:52,207,2416,57.7
42:53,207,2416,57.7
42:54,208,2403,55.8
42:56,206,2406,55.9
42:57,206,2406,56.0
42:58,206,2411,56.0
42:59,205,2399,56.0
43:1,207,2420,55.8
43:2,207,2421,55.8
43:3,207,2421,55.9
43:4,207,2420,55.9
43:5,207,2420,56.0
43:6,208,2427,56.1
43:8,208,2433,56.1
43:9,208,2432,56.4
43:10,208,2432,56.5
43:11,208,2441,56.5
43:13,208,2446,56.3
43:14,207,2453,56.3
43:15,207,2454,56.4
43:16,207,2458,59.9
43:17,207,2457,60.2
43:18,207,2457,58.0
43:20,207,2464,56.3
43:21,207,2468,56.4
43:23,207,2469,56.4
43:24,207,2470,56.4
43:25,207,2471,56.8
43:27,207,2470,61.4
43:28,207,2470,60.6
43:29,207,2471,58.6
43:30,207,2466,58.2
43:31,207,2466,56.4
43:33,207,2464,57.8
43:34,211,2558,55.5
43:35,215,2615,55.9
43:36,214,2620,59.4
43:38,214,2616,59.6
43:39,213,2611,59.9
43:40,213,2615,57.2
43:41,213,2615,57.2
43:43,213,2618,55.6
43:44,213,2615,54.9
43:45,212,2610,54.9
43:46,212,2610,54.8
43:47,212,2611,54.8
43:49,212,2610,55.0
43:50,212,2610,55.0
43:51,212,2610,55.0
43:52,212,2610,55.0
43:53,212,2612,55.0
43:54,212,2611,55.0
43:56,212,2605,55.0
43:57,212,2606,55.0
43:58,212,2606,55.0
43:59,212,2606,55.2
44:0,213,2628,55.4
44:2,215,2634,56.0
44:3,215,2647,56.0
44:4,215,2647,56.1
44:5,215,2644,56.0
44:7,215,2643,56.0
44:8,215,2642,56.2
44:9,216,2628,57.2
44:11,219,2683,57.4
44:12,218,2691,57.3
44:13,220,2691,57.2
44:15,219,2701,57.2
44:16,219,2687,57.7
44:18,219,2708,57.7
44:19,218,2711,57.5
44:21,220,2720,58.1
44:22,219,2728,58.2
44:23,217,2711,57.7
44:25,216,2713,57.6
44:26,214,2690,57.3
44:27,215,2689,57.2
44:28,214,2686,57.0
44:29,214,2682,57.0
44:31,214,2682,57.2
44:32,213,2669,57.1
44:33,213,2667,57.1
44:34,213,2661,57.1
44:35,213,2634,56.8
44:36,211,2632,56.8
44:38,211,2632,56.8
44:39,211,2629,56.8
44:40,211,2631,56.8
44:41,211,2630,56.9
44:43,211,2633,56.9
44:44,211,2634,57.0
44:45,215,2633,57.0
44:47,213,2627,57.0
44:48,211,2612,57.1
44:49,211,2605,57.2
44:50,212,2596,57.1
44:52,214,2592,57.2
44:53,212,2589,57.1
44:54,216,2586,57.1
44:55,214,2587,58.2
44:56,214,2584,58.8
44:58,214,2583,59.1
44:59,214,2593,59.1
45:0,214,2597,59.1
45:1,214,2594,59.1
45:2,214,2593,59.1
45:3,214,2591,59.1
45:5,213,2578,59.1
45:6,211,2564,59.0
45:7,211,2567,58.9
45:8,211,2566,59.1
45:9,212,2573,59.1
45:11,212,2568,59.0
45:12,212,2568,59.0
45:13,212,2569,59.0
45:14,211,2555,59.0
45:15,211,2555,58.9
45:16,211,2557,58.9
45:18,211,2556,58.9
45:19,212,2542,56.9
45:20,212,2542,56.9
45:21,210,2542,56.8
45:22,210,2537,56.8
45:23,210,2532,56.8
45:24,209,2531,56.8
45:25,209,2530,56.8
45:26,209,2530,56.8
45:28,209,2526,56.8
45:29,209,2527,56.8
45:30,209,2527,56.8
45:31,211,2530,57.9
45:32,211,2532,58.4
45:33,211,2530,58.8
45:34,211,2539,58.9
45:36,211,2540,58.9
45:37,211,2539,58.9
45:38,211,2539,58.9
45:39,211,2539,58.9
45:40,211,2540,58.2
45:42,211,2540,58.2
45:43,211,2539,58.3
45:44,211,2530,58.2
45:45,210,2538,58.3
45:46,210,2536,58.3
45:47,210,2533,58.2
45:49,210,2532,58.2
45:50,210,2524,58.2
45:51,209,2523,58.2
45:52,209,2520,58.2
45:53,209,2517,58.2
45:54,210,2497,56.1
45:56,208,2496,56.2
45:57,208,2498,56.1
45:58,208,2494,56.1
45:59,208,2493,56.1
46:0,207,2484,56.1
46:1,207,2486,56.1
46:2,207,2478,56.1
46:3,207,2472,56.1
46:4,207,2467,56.1
46:5,207,2466,56.1
46:7,207,2463,56.1
46:8,207,2462,56.1
46:9,213,2461,56.7
46:10,209,2474,57.4
46:11,209,2477,57.8
46:12,209,2474,58.1
46:13,209,2485,58.1
46:15,209,2485,58.1
46:16,209,2487,58.1
46:17,209,2485,58.3
46:18,209,2483,58.4
46:19,210,2506,58.4
46:20,210,2506,58.4
46:22,210,2504,58.3
46:23,210,2505,58.4
46:24,210,2499,56.3
46:25,212,2481,56.2
46:26,210,2480,56.2
46:27,210,2492,57.0
46:28,210,2485,57.7
46:30,209,2486,58.2
46:31,209,2495,58.3
46:32,209,2496,58.3
46:33,209,2492,58.2
46:34,209,2492,58.2
46:35,209,2489,58.2
46:37,210,2496,58.4
46:38,210,2497,58.4
46:39,210,2498,58.3
46:40,210,2498,58.3
46:41,210,2498,58.4
46:42,208,2478,56.3
46:44,210,2477,56.1
46:45,210,2490,57.2
46:46,210,2484,57.8
46:47,209,2485,58.2
46:48,209,2491,58.3
46:50,209,2491,58.2
46:51,209,2491,58.2
46:52,209,2492,58.3
46:53,209,2496,58.4
46:55,210,2504,58.5
46:56,210,2493,57.6
46:58,210,2494,57.9
46:59,210,2487,58.3
47:0,209,2503,58.4
47:1,209,2503,58.4
47:3,209,2474,57.0
47:4,213,2488,57.6
47:5,209,2482,58.2
47:6,209,2480,58.5
47:8,209,2486,58.4
47:9,209,2484,58.4
47:10,209,2481,58.4
47:11,209,2481,58.4
47:12,209,2480,58.5
47:13,210,2486,58.5
47:14,210,2486,58.5
47:15,210,2486,58.5
47:17,210,2486,58.5
47:18,210,2482,56.6
47:19,208,2468,56.5
47:20,208,2468,56.4
47:21,208,2468,56.4
47:22,208,2460,56.4
47:23,207,2461,56.4
47:24,207,2458,56.4
47:26,207,2457,56.3
47:27,207,2455,56.3
47:28,207,2453,56.3
47:29,207,2454,56.4
47:30,207,2454,56.4
47:31,207,2454,56.4
47:32,207,2458,56.3
47:33,207,2455,56.3
47:34,207,2454,56.3
47:35,207,2454,56.3
47:36,207,2451,56.3
47:37,207,2451,56.3
47:38,207,2450,56.3
47:39,207,2450,56.3
47:40,207,2448,56.3
47:41,207,2450,56.3
47:42,207,2449,56.3
47:44,207,2449,56.3
47:45,211,2449,56.4
47:46,207,2449,56.4
47:47,207,2448,56.4
47:48,207,2448,56.4
47:49,207,2448,56.4
47:50,207,2445,56.3
47:51,207,2443,56.4
47:52,207,2444,56.4
47:53,207,2446,56.4
47:54,207,2446,56.4
47:56,207,2451,56.4
47:57,207,2459,56.4
47:58,207,2461,56.4
47:59,207,2463,56.5
48:0,207,2463,56.5
48:1,207,2466,56.5
48:2,207,2465,56.4
48:3,207,2461,56.4
48:4,207,2459,56.4
48:5,207,2460,56.4
48:6,207,2463,56.4
48:7,207,2465,56.4
48:9,207,2464,56.4
48:10,207,2462,56.4
48:11,207,2459,56.4
48:12,207,2457,56.4
48:13,207,2461,56.4
48:14,207,2462,56.4
48:15,207,2462,56.4
48:16,207,2461,56.4
48:17,207,2456,56.4
48:18,207,2455,56.4
48:19,206,2453,56.4
48:20,206,2458,56.4
48:21,207,2466,56.5
48:23,208,2473,56.5
48:24,208,2472,56.5
48:25,208,2472,56.5
48:26,208,2471,56.5
48:27,208,2470,56.6
48:28,207,2461,56.6
48:29,207,2461,56.6
48:30,207,2464,56.6
48:31,207,2463,56.6
48:32,207,2463,56.1
48:33,207,2463,55.9
48:34,207,2463,55.9
48:35,207,2462,55.9
48:36,207,2463,55.8
48:37,207,2462,55.8
48:38,207,2462,55.8
48:40,207,2460,55.9
48:41,207,2467,55.9
48:42,207,2468,55.9
48:43,207,2468,55.9
48:44,207,2465,56.0
48:45,207,2460,56.0
48:46,207,2465,56.4
48:48,207,2465,56.3
48:49,207,2466,56.3
48:50,207,2466,56.2
48:51,207,2464,56.2
48:52,207,2463,56.2
48:53,207,2461,56.2
48:54,207,2464,56.2
48:55,207,2465,56.1
48:56,207,2464,56.2
48:57,207,2463,56.2
48:58,207,2464,56.2
49:0,207,2464,56.2
49:1,207,2470,56.2
49:2,207,2468,56.1
49:3,207,2468,56.2
49:4,207,2468,56.2
49:5,207,2468,56.2
49:6,207,2468,56.2
49:7,207,2475,56.3
49:9,207,2475,56.0
49:10,207,2479,56.2
49:11,207,2478,56.1
49:12,207,2477,56.1
49:13,207,2471,56.1
49:14,207,2470,56.1
49:16,207,2468,56.1
49:17,207,2464,56.2
49:18,207,2463,56.2
49:19,207,2460,56.2
49:20,207,2458,56.1
49:21,207,2456,56.2
49:23,207,2455,56.1
49:24,207,2451,56.1
49:25,207,2451,56.1
49:26,207,2452,56.2
49:27,208,2451,56.2
49:28,207,2449,56.2
49:29,207,2449,56.2
49:30,207,2449,56.2
49:31,207,2446,56.2
49:32,207,2446,57.0
49:34,209,2456,57.6
49:35,209,2459,58.1
49:36,208,2465,58.2
49:37,208,2465,58.2
49:38,208,2463,58.3
49:39,208,2474,58.2
49:41,208,2477,58.3
49:42,209,2473,56.4
49:43,207,2469,56.4
49:44,207,2469,56.4
49:45,207,2468,56.4
49:47,207,2468,56.3
49:48,207,2468,56.3
49:49,207,2470,56.3
49:50,206,2459,56.5
49:51,209,2482,57.5
49:52,209,2484,57.9
49:53,209,2486,58.3
49:55,209,2491,58.3
49:56,209,2481,58.3
49:57,210,2503,58.5
49:58,210,2510,60.1
49:59,210,2511,59.0
40:1,211,2477,63.5
40:3,211,2479,63.4
40:5,213,2490,64.4
40:6,213,2482,64.8
40:8,212,2481,65.5
40:10,212,2489,65.5
40:12,212,2470,63.6
40:14,210,2471,63.4
40:15,210,2469,63.4
40:17,210,2471,63.6
40:19,212,2481,64.7
40:20,212,2481,65.3
40:22,212,2482,65.7
40:24,212,2493,65.7
40:27,212,2495,65.6
40:29,212,2495,65.6
40:30,212,2496,65.6
40:32,212,2496,65.7
40:34,212,2495,65.8
40:36,213,2502,63.8
40:37,211,2479,63.7
40:39,211,2470,64.3
40:41,212,2480,64.9
40:43,212,2480,64.6
40:44,212,2488,64.5
40:46,212,2464,62.5
40:47,210,2461,62.5
40:49,210,2462,62.5
40:50,210,2463,62.5
40:52,210,2462,62.5
40:54,210,2462,62.5
40:55,210,2462,62.5
40:57,210,2462,62.6
40:58,210,2460,62.5
41:0,210,2474,62.5
41:1,210,2476,62.5
41:3,210,2475,62.5
41:4,210,2470,62.5
41:5,210,2487,62.5
41:7,210,2483,62.5
41:9,210,2485,62.5
41:10,210,2487,62.5
41:12,210,2486,62.5
41:13,210,2486,62.6
41:15,210,2486,62.5
41:17,210,2488,62.6
41:18,212,2500,63.8
41:20,212,2504,64.3
41:22,212,2504,64.5
41:23,212,2513,64.6
41:25,212,2510,64.6
41:26,212,2510,64.7
41:28,212,2503,64.7
41:30,212,2513,64.6
41:31,212,2513,64.6
41:33,212,2511,64.6
41:35,212,2499,62.6
41:37,214,2499,62.6
41:38,213,2503,63.7
41:40,212,2509,64.3
41:42,212,2507,64.6
41:43,212,2515,64.6
41:45,212,2491,62.7
41:46,210,2491,62.6
41:48,210,2489,62.7
41:49,210,2490,62.6
41:51,210,2490,62.7
41:52,210,2488,62.7
41:54,210,2487,62.7
41:55,214,2486,62.9
41:57,211,2492,62.8
41:59,211,2491,62.8
42:1,211,2495,62.8
42:2,210,2487,62.8
42:3,210,2485,63.0
42:5,210,2485,62.9
42:6,210,2483,62.9
42:8,210,2482,62.9
42:9,210,2483,62.8
42:11,210,2480,62.8
42:12,210,2481,62.8
42:14,210,2482,62.9
42:16,210,2482,62.9
42:17,210,2481,62.8
42:19,210,2481,62.9
42:21,210,2481,62.9
42:22,210,2480,62.9
42:24,210,2481,62.8
42:25,211,2496,63.7
42:27,212,2496,64.4
42:28,212,2496,64.7
42:30,212,2505,65.0
42:32,214,2491,62.9
42:34,213,2484,62.9
42:35,212,2496,63.9
42:37,212,2496,64.4
42:38,212,2494,64.8
42:40,212,2503,64.8
42:41,212,2481,62.9
42:43,210,2468,62.8
42:44,210,2477,62.8
42:46,210,2476,62.8
42:47,210,2476,62.8
42:49,210,2478,62.8
42:50,210,2474,62.8
42:52,212,2471,62.8
42:54,210,2470,62.8
42:55,210,2465,62.9
42:57,210,2464,62.8
42:59,211,2498,62.0
43:0,211,2499,61.7
43:1,211,2501,61.8
43:3,211,2500,61.8
43:4,211,2501,61.8
43:5,211,2501,61.8
43:6,211,2493,61.9
43:8,211,2509,62.0
43:9,212,2517,61.5
43:10,212,2518,61.5
43:12,212,2510,61.3
43:13,212,2515,61.2
43:14,211,2503,61.1
43:15,210,2503,61.0
43:17,210,2503,61.0
43:18,210,2500,61.0
43:19,210,2499,61.0
43:20,210,2498,61.8
43:22,212,2508,62.4
43:23,212,2508,63.1
43:24,212,2517,63.2
43:26,212,2497,61.1
43:27,210,2497,61.1
43:28,210,2497,61.1
43:29,210,2495,61.0
43:31,210,2496,61.5
43:32,212,2502,62.4
43:33,212,2526,63.3
43:35,217,2628,63.6
43:36,219,2644,63.5
43:38,218,2648,63.5
43:40,218,2652,63.6
43:41,218,2655,63.6
43:42,218,2655,63.6
43:44,219,2665,63.8
43:45,217,2645,61.5
43:47,217,2646,61.4
43:48,217,2646,61.5
43:49,216,2640,61.5
43:51,216,2640,62.2
43:52,218,2652,62.9
43:53,218,2650,63.6
43:55,218,2658,63.7
43:56,218,2637,61.6
43:58,216,2636,61.6
43:59,216,2635,61.6
44:0,216,2637,61.6
44:2,216,2638,61.6
44:3,216,2639,61.6
44:4,216,2641,61.5
44:6,216,2640,61.5
44:7,216,2638,61.5
44:8,216,2633,61.5
44:10,216,2636,61.5
44:11,216,2637,61.5
44:12,216,2638,61.6
44:14,216,2637,61.4
44:15,216,2637,61.4
44:16,216,2625,61.4
44:17,215,2625,61.4
44:19,215,2625,61.4
44:20,215,2626,61.6
44:21,215,2626,61.6
44:23,215,2625,61.6
44:24,215,2620,61.5
44:25,215,2617,61.5
44:26,215,2615,61.5
44:28,214,2608,61.5
44:29,215,2620,61.5
44:30,215,2618,61.5
44:32,215,2615,61.5
44:33,215,2614,61.5
44:34,215,2613,61.4
44:35,215,2610,61.4
44:37,215,2594,61.3
44:38,213,2569,61.3
44:40,213,2566,61.3
44:41,213,2565,61.3
44:42,213,2567,61.3
44:44,213,2568,61.3
44:45,213,2568,61.3
44:47,213,2566,61.3
44:48,213,2567,61.3
44:49,213,2567,61.3
44:51,213,2567,61.3
44:52,213,2567,61.3
44:53,213,2568,61.3
44:55,213,2570,61.3
44:56,213,2568,61.5
44:58,214,2575,61.4
44:59,214,2576,61.4
45:0,214,2579,61.5
45:1,214,2574,61.5
45:3,213,2582,61.5
45:4,213,2583,61.7
45:5,213,2574,61.7
45:7,213,2561,61.6
45:8,212,2544,61.5
45:9,211,2544,61.4
45:10,210,2539,61.4
45:11,211,2547,61.4
45:13,211,2542,61.4
45:14,211,2535,61.4
45:16,211,2530,61.4
45:17,211,2534,61.5
45:18,213,2546,62.7
45:20,213,2548,63.2
45:21,213,2556,63.6
45:22,213,2554,63.6
45:23,213,2554,63.7
45:25,213,2556,63.6
45:26,213,2555,63.7
45:28,213,2558,63.9
45:30,214,2566,63.9
45:31,214,2568,63.8
45:32,214,2564,63.8
45:34,214,2563,64.0
45:35,214,2563,64.0
45:37,214,2560,64.0
45:38,214,2557,64.0
45:39,213,2547,64.1
45:41,214,2558,64.0
45:42,214,2557,63.9
45:44,214,2553,62.4
45:45,214,2545,62.5
45:47,214,2551,62.5
45:48,214,2546,62.4
45:50,214,2545,62.4
45:51,214,2538,62.8
45:53,214,2546,62.8
45:54,214,2546,62.7
45:55,214,2548,62.7
45:57,214,2522,60.6
45:58,212,2532,60.5
46:0,212,2532,60.5
46:1,212,2536,60.5
46:3,212,2528,60.5
46:4,211,2528,60.6
46:5,211,2529,60.5
46:6,211,2525,60.4
46:8,211,2522,60.4
46:9,211,2518,60.4
46:10,211,2513,60.3
46:11,211,2513,60.4
46:13,211,2505,60.4
46:14,211,2501,60.4
46:15,211,2502,60.4
46:16,212,2510,60.5
46:18,214,2511,60.6
46:19,212,2512,60.8
46:21,215,2527,61.8
46:22,215,2528,62.3
46:23,215,2535,62.7
46:25,214,2508,60.5
46:26,212,2504,60.5
46:27,212,2504,61.2
46:29,214,2515,61.8
46:30,214,2514,62.5
46:31,214,2524,62.7
46:33,214,2523,62.5
46:34,214,2511,62.4
46:35,213,2510,62.4
46:37,213,2509,62.4
46:38,213,2507,62.3
46:39,215,2506,60.2
46:41,212,2506,60.2
46:42,212,2510,60.2
46:43,212,2508,60.2
46:45,212,2506,60.2
46:46,212,2507,60.2
46:47,212,2508,60.2
46:48,212,2508,60.2
46:49,212,2507,60.2
46:51,212,2507,60.2
46:52,212,2506,60.6
46:53,212,2507,60.6
46:54,212,2505,60.6
46:56,212,2504,60.6
46:57,212,2504,60.6
46:58,212,2498,60.6
46:59,212,2498,60.3
47:0,212,2502,60.3
47:2,212,2502,60.3
47:3,212,2502,60.2
47:4,212,2503,60.2
47:5,212,2503,60.2
47:7,212,2496,60.2
47:8,212,2506,60.2
47:9,211,2501,60.3
47:10,211,2501,60.3
47:12,213,2541,61.7
47:14,213,2557,61.7
47:15,213,2556,61.8
47:17,213,2559,61.8
47:18,215,2565,62.8
47:20,215,2559,63.4
47:21,215,2554,63.6
47:22,215,2561,63.7
47:24,215,2563,63.8
47:25,215,2561,63.7
47:27,215,2559,63.6
47:28,214,2523,61.3
47:30,213,2531,61.5
47:31,213,2530,61.3
47:33,213,2528,62.2
47:34,215,2538,62.6
47:35,215,2538,63.2
47:37,214,2539,63.4
47:38,214,2519,61.2
47:40,215,2529,61.6
47:41,212,2528,61.6
47:43,212,2525,61.6
47:44,212,2525,61.6
47:45,212,2521,61.6
47:46,212,2520,61.6
47:47,212,2520,61.6
47:49,212,2519,61.6
47:50,212,2518,61.0
47:51,212,2519,61.0
47:53,214,2519,61.0
47:54,214,2524,62.1
47:56,214,2524,62.5
47:57,214,2524,62.9
47:58,214,2532,62.9
48:0,212,2519,60.8
48:1,212,2526,60.9
48:2,212,2526,60.9
48:4,212,2525,60.9
48:5,212,2525,61.7
48:6,214,2536,62.5
48:8,214,2537,63.0
48:9,214,2543,63.1
48:11,214,2524,61.0
48:12,212,2518,61.0
48:13,212,2520,61.0
48:14,212,2519,60.8
48:16,212,2519,60.8
48:17,212,2517,60.9
48:18,212,2516,60.9
48:19,212,2514,60.9
48:20,212,2513,60.9
48:22,214,2512,61.9
48:23,214,2523,62.6
48:24,214,2523,63.1
48:26,214,2530,63.1
48:27,214,2521,63.0
48:28,214,2521,63.1
48:30,214,2520,63.1
48:31,212,2500,61.0
48:33,213,2507,61.1
48:34,215,2520,62.1
48:35,215,2518,62.6
48:37,214,2508,63.0
48:38,214,2514,63.1
48:39,212,2488,60.9
48:41,211,2489,60.9
48:42,211,2489,60.8
48:43,211,2490,60.8
48:44,211,2487,60.8
48:45,210,2475,60.7
48:47,211,2490,60.8
48:48,211,2491,60.8
48:49,211,2490,60.8
48:50,211,2491,60.8
48:52,211,2490,60.8
48:53,211,2488,60.8
48:54,211,2488,60.8
48:55,211,2488,60.7
48:57,211,2486,60.8
48:58,211,2487,60.9
49:0,211,2489,61.1
49:1,213,2502,62.3
49:2,213,2503,62.6
49:4,213,2503,62.9
49:5,213,2507,62.8
49:6,213,2507,62.9
49:8,213,2506,63.1
49:9,215,2506,63.3
49:11,216,2511,63.3
49:13,214,2510,63.2
49:14,214,2511,63.2
49:15,214,2507,63.2
49:17,216,2523,63.3
49:19,216,2524,63.4
49:21,214,2516,63.3
49:23,213,2518,63.3
49:24,213,2518,63.5
49:26,214,2526,63.4
49:28,214,2528,63.5
49:30,215,2521,63.3
49:31,215,2519,63.5
49:34,216,2522,63.4
49:35,214,2521,63.3
49:37,214,2517,63.4
49:38,212,2509,63.4
49:40,213,2519,63.4
49:42,213,2509,63.3
49:44,213,2506,63.3
49:45,212,2494,60.9
49:46,210,2473,61.0
49:48,211,2480,61.0
49:50,211,2480,60.9
49:51,211,2478,60.8
49:52,211,2478,61.7
49:54,213,2488,62.3
49:55,213,2489,62.9
49:56,213,2489,63.0
49:57,212,2489,63.0
49:59,212,2490,63.0
47:41,225,3033,75.3
47:43,225,3032,75.4
47:44,225,3019,75.5
47:45,225,3014,75.3
50:0,221,2942,75.3
50:1,221,2958,75.5
50:3,221,2958,76.0
50:5,221,2958,76.2
43:47,243,3196,79.3
43:50,244,3226,79.2
43:52,244,3225,79.1
43:54,244,3220,78.9
43:56,244,3221,78.5
43:58,244,3223,78.4
44:0,244,3220,78.3
44:2,244,3223,78.3
44:4,243,3209,78.2
44:5,243,3204,78.1
44:7,243,3200,78.1
44:9,243,3198,78.1
44:11,243,3194,78.2
44:13,243,3178,77.2
44:15,242,3179,77.3
44:17,242,3176,77.3
44:19,242,3176,77.2
